Name,Age,mlbID,Lev,Tm,team_abbr,PA,AB,R,H,1B,2B,3B,HR,RBI,BB,K,SB,CS,AVG,OBP,SLG,position,depth
Jon Singleto,33,572138,AAA,NYM,NYM (AAA),472,392,60,79,46,15,0,18,66,77,126,2,1,0.202,0.335,0.378,1B,
Carlos P\xc3\xa9re,35,542208,AAA,CHC,CHC (AAA),617,537,89,145,70,41,1,33,104,67,110,2,1,0.27,0.357,0.534,C,
Yolmer S\xc3\xa1nche,34,570560,AAA,LAA,LAA (AAA),588,497,70,124,92,22,3,7,54,75,141,10,4,0.249,0.356,0.348,2B/3B,
Orlando Arci,31,606115,AAA,MIN,MIN (AAA),154,142,24,46,27,10,1,8,27,12,29,3,2,0.324,0.377,0.577,SS,
Jeimer Candelari,32,600869,"AAA,CPX",CIN,"CIN (AAA,CPX)",410,361,49,79,44,24,0,11,53,42,122,1,1,0.219,0.31,0.377,3B,
Andrew Velazque,31,623205,AAA,NYY,NYY (AAA),442,394,58,92,64,21,0,7,48,34,109,28,6,0.234,0.296,0.34,SS,
Joey Menese,34,608841,AAA,NYM,NYM (AAA),580,529,54,145,90,38,1,16,86,43,82,2,0,0.274,0.331,0.44,1B/DH,
Harold Castr,31,605612,"AAA,CPX",KCR,"KCR (AAA,CPX)",410,373,54,113,72,18,2,21,65,26,78,8,2,0.303,0.353,0.531,2B,
Tim Locastr,32,641796,AAA,SDP,SDP (AAA),414,344,69,93,59,21,4,9,52,36,67,32,5,0.27,0.367,0.433,OF,
Trey Mancin,34,641820,AAA,ARI,ARI (AAA),467,404,85,119,75,26,0,18,72,47,104,4,1,0.295,0.376,0.493,1B/DH/OF,
Jamie Westbroo,30,642197,AAA,TBR,TBR (AAA),430,372,47,99,63,29,0,7,49,43,70,2,0,0.266,0.35,0.401,2B,
\xc3\x93scar Mercad,31,640458,AAA,PHI,PHI (AAA),561,460,74,107,81,13,1,12,71,78,87,43,13,0.233,0.353,0.343,OF,
Sergio Alc\xc3\xa1ntar,29,642727,AAA,SFG,SFG (AAA),568,464,76,115,80,28,3,4,48,97,117,8,5,0.248,0.379,0.347,2B/3B/SS,
Michael Chavi,30,656308,AAA,LAD,LAD (AAA),407,370,66,107,57,25,3,22,75,31,93,4,4,0.289,0.344,0.551,1B/2B,
Vimael Mach\xc3\xad,32,605353,AAA,BAL,BAL (AAA),643,566,82,169,106,38,3,22,101,68,99,17,6,0.299,0.372,0.493,3B,
Richie Martin Jr,31,621006,AAA,TEX,TEX (AAA),430,368,63,92,67,12,7,6,48,37,93,35,5,0.25,0.343,0.37,SS,
Sam Hilliar,31,656541,AAA,COL,COL (AAA),414,361,64,104,50,25,12,17,66,47,108,15,1,0.288,0.367,0.565,OF,
LaMonte Wade Jr,32,664774,AAA,CHW,CHW (AAA),148,111,20,27,18,5,0,4,22,34,29,1,0,0.243,0.422,0.396,1B/OF,
Edwin Rio,31,621458,AAA,CIN,CIN (AAA),546,472,69,116,65,23,2,26,94,63,180,0,1,0.246,0.337,0.468,1B/3B/DH,
P.J. Higgin,33,664731,AAA,CIN,CIN (AAA),452,401,39,93,69,16,1,7,46,40,81,0,1,0.232,0.306,0.329,C/1B,
Cavan Biggi,31,624415,AAA,KCR,KCR (AAA),418,351,58,86,60,16,2,8,47,55,101,6,3,0.245,0.356,0.37,2B,
Nick Senze,31,669222,"AA,AAA",LAD,"LAD (AA,AAA)",521,449,59,107,72,19,2,14,79,58,98,8,1,0.238,0.328,0.383,OF,
Nick Sola,31,669256,AAA,PIT,PIT (AAA),613,528,105,176,130,28,2,16,90,65,79,12,4,0.333,0.418,0.485,2B,
Donovan Walto,32,622268,AAA,NYM,NYM (AAA),642,546,97,149,110,19,1,19,88,78,85,6,4,0.273,0.37,0.416,2B/SS,
Jose Roja,33,670351,AAA,NYY,NYY (AAA),576,499,83,140,66,36,4,34,111,70,116,16,2,0.281,0.37,0.573,3B/OF,
Yonny Hern\xc3\xa1nde,28,660634,"AA,AAA",NYM,"NYM (AA,AAA)",505,444,62,129,107,17,3,2,46,44,54,11,5,0.291,0.367,0.356,2B/3B,
Zack Shor,31,670097,AAA,HOU,HOU (AAA),545,444,58,90,54,20,0,16,53,87,138,7,3,0.203,0.338,0.356,SS,
Nate Mondo,31,670148,AAA,SDP,SDP (AAA),617,525,79,159,117,28,5,9,88,69,92,8,6,0.303,0.39,0.427,2B,
Bryan De La Cru,29,650559,AAA,ATL,ATL (AAA),582,516,70,130,89,20,1,20,74,57,144,8,2,0.252,0.328,0.411,OF,
Cristian Pach,27,665506,AAA,ARI,ARI (AAA),428,376,62,96,59,24,4,9,42,40,128,15,3,0.255,0.336,0.412,OF,
Carter Kieboo,28,666198,AAA,LAA,LAA (AAA),537,493,64,158,119,26,2,11,68,41,104,11,1,0.32,0.372,0.448,3B,
Bobby Dalbe,30,666915,AAA,CHW,CHW (AAA),455,402,65,108,55,27,2,24,82,45,155,5,0,0.269,0.349,0.525,1B,
Conner Cape,29,668843,"AA,AAA",ATL,"ATL (AA,AAA)",548,483,55,114,83,15,4,12,50,56,107,22,8,0.236,0.317,0.358,OF,
Keston Hiur,28,669374,AAA,COL,COL (AAA),445,383,62,104,59,21,3,21,67,47,123,1,1,0.272,0.369,0.507,1B/2B,
Gilberto Celestin,27,665482,AAA,NYM,NYM (AAA),483,421,70,112,88,14,1,9,42,57,113,16,3,0.266,0.356,0.368,OF,
Corey Julk,30,667452,AAA,CHW,CHW (AAA),630,556,98,164,106,36,1,21,82,69,133,22,4,0.295,0.376,0.477,OF,
Brewer Hickle,30,676551,"A+,AAA",DET,"DET (A+,AAA)",509,439,86,107,69,12,3,23,74,54,148,38,6,0.244,0.338,0.442,OF,
Nick Madriga,29,663611,AAA,LAA,LAA (AAA),127,108,15,30,24,5,1,0,16,13,6,3,0,0.278,0.354,0.343,2B/3B,
Nolan Jone,28,666134,AAA,CLE,CLE (AAA),160,133,22,35,25,4,0,6,26,23,37,2,2,0.263,0.375,0.429,OF,
Jose Mirand,28,669304,AAA,MIN,MIN (AAA),479,435,44,91,60,18,1,12,53,33,81,1,0,0.209,0.278,0.338,1B/3B,
CJ Alexande,29,680769,AAA,LAD,LAD (AAA),628,553,91,142,81,30,6,25,92,71,180,7,3,0.257,0.341,0.468,3B,
Rodolfo Dur\xc3\xa1,28,660710,AAA,SDP,SDP (AAA),454,400,79,111,70,18,3,20,93,39,90,4,1,0.278,0.347,0.488,C,
Alejo Lope,30,664670,AAA,OAK,OAK (AAA),530,456,69,118,94,17,2,5,50,53,69,17,4,0.259,0.356,0.338,2B,
Luken Bake,29,663609,AAA,STL,STL (AAA),527,445,62,102,52,28,2,20,70,74,136,0,0,0.229,0.34,0.436,1B/DH,
Coco Monte,28,663796,AAA,TBR,TBR (AAA),415,375,44,82,55,19,0,8,38,32,123,7,2,0.219,0.287,0.333,2B,
Oswaldo Cabrer,27,665828,AAA,NYY,NYY (AAA),144,130,16,28,19,6,1,2,13,13,34,2,0,0.215,0.285,0.323,3B/OF,
Esteury Rui,27,665923,AAA,LAD,LAD (AAA),513,428,99,127,79,25,6,17,62,66,98,64,11,0.297,0.404,0.502,OF,
Rodolfo Castr,26,666801,AAA,PHI,PHI (AAA),525,456,72,107,61,26,1,19,82,54,119,18,8,0.235,0.324,0.421,2B/SS,
Nick Pratt,27,668472,AAA,KCR,KCR (AAA),478,423,56,81,47,20,3,11,50,49,145,9,0,0.191,0.279,0.331,1B,
Ryan Vilad,26,668723,AAA,STL,STL (AAA),461,397,75,115,65,29,4,17,66,50,89,11,2,0.29,0.378,0.511,OF,
Akil Baddo,26,668731,"A,AAA",DET,"DET (A,AAA)",484,408,75,114,71,21,6,16,52,70,117,27,4,0.279,0.384,0.478,OF,
MJ Melende,27,669004,AAA,KCR,KCR (AAA),536,484,77,124,62,36,4,22,67,44,148,21,10,0.256,0.319,0.483,OF,
Luis Campusan,26,669134,AAA,SDP,SDP (AAA),475,393,83,132,81,25,1,25,95,72,82,2,0,0.336,0.441,0.595,C,
Mason McCo,31,669200,AAA,SDP,SDP (AAA),534,463,88,129,81,28,3,17,86,55,131,23,8,0.279,0.356,0.462,SS,
Samad Taylo,27,669392,AAA,SEA,SEA (AAA),813,691,148,207,142,31,10,24,108,90,152,50,11,0.3,0.381,0.478,2B/OF,
Cal Stevenso,29,670276,AAA,PHI,PHI (AAA),419,339,62,84,60,12,2,10,51,70,99,23,5,0.248,0.376,0.383,OF,
Buddy Kenned,27,671083,AAA,TOR,TOR (AAA),533,458,76,134,92,28,2,12,71,58,75,6,1,0.293,0.385,0.441,2B/3B,
Johnathan Rodr\xc3\xadgue,26,671286,AAA,CLE,CLE (AAA),460,396,60,124,87,19,1,17,69,57,105,0,2,0.313,0.402,0.495,OF,
Michael Sian,26,672279,AAA,STL,STL (AAA),537,457,85,97,67,17,5,8,51,67,136,33,7,0.212,0.316,0.324,OF,
Jarred Keleni,26,672284,AAA,ATL,ATL (AAA),503,446,56,94,60,21,3,10,47,55,140,18,8,0.211,0.298,0.339,OF,
Tirso Ornela,26,672359,"AA,AAA",SDP,"SDP (AA,AAA)",489,420,77,116,72,29,0,15,73,58,84,7,2,0.276,0.367,0.452,OF,
Steward Berro,27,672642,"A+,AAA,CPX",LAD,"LAD (A+,AAA,CPX)",469,385,71,94,67,20,2,5,40,68,117,41,11,0.244,0.356,0.345,OF,
Jos\xc3\xa9 Barrer,28,676480,AAA,STL,STL (AAA),467,406,61,95,58,15,2,20,59,48,128,16,8,0.234,0.325,0.429,SS,
Jordyn Adam,26,677941,"AA,AAA",BAL,"BAL (AA,AAA)",408,358,56,76,48,9,6,13,61,38,125,20,5,0.212,0.295,0.38,OF,
Jordan Groshan,26,677954,"AA,AAA",KCR,"KCR (AA,AAA)",404,361,43,97,71,11,4,11,55,37,62,0,3,0.269,0.342,0.413,3B,
Brandon Valenzuel,25,678218,"AA,AAA",TOR,"TOR (AA,AAA)",496,435,53,97,60,20,1,16,62,54,118,6,2,0.223,0.308,0.384,C,
Ji Hwan Ba,26,678225,"A,AAA",PIT,"PIT (A,AAA)",452,392,76,114,77,27,7,3,36,50,96,32,6,0.291,0.378,0.418,2B/OF,
Jorbit Viva,24,678391,AAA,NYY,NYY (AAA),459,374,59,101,75,21,1,4,43,64,45,12,9,0.27,0.389,0.364,2B/3B,
Jorge Barros,24,678489,AAA,ARI,ARI (AAA),456,394,67,116,78,29,2,7,58,54,95,10,4,0.294,0.378,0.431,OF,
Osleivis Basab,25,678545,AAA,SFG,SFG (AAA),585,530,74,132,82,31,2,17,78,39,101,10,1,0.249,0.309,0.411,SS,
Liover Peguer,25,678894,AAA,PIT,PIT (AAA),444,389,53,97,62,28,1,6,59,44,95,12,3,0.249,0.325,0.373,2B/SS,
Jonathan Ornela,26,680716,AAA,TEX,TEX (AAA),544,474,61,104,78,9,4,13,49,60,135,10,5,0.219,0.312,0.338,3B/SS,
Michael Helma,30,680737,AAA,TEX,TEX (AAA),449,400,72,89,50,24,1,14,52,35,98,17,3,0.222,0.293,0.392,OF,
Ryan Fitzgeral,32,680837,AAA,MIN,MIN (AAA),431,382,56,115,73,26,5,11,67,42,80,8,5,0.301,0.375,0.482,2B/SS,
Owen Mille,29,680911,AAA,COL,COL (AAA),527,472,74,127,85,26,3,13,73,36,81,13,4,0.269,0.323,0.419,1B/2B,
Bryan Lavastid,27,681526,"AA,AAA",OAK,"OAK (AA,AAA)",478,420,56,114,82,18,3,11,52,45,87,25,9,0.271,0.349,0.407,C,
Justin Dea,29,681909,AAA,LAD,LAD (AAA),471,405,80,110,77,17,8,8,47,60,118,31,10,0.272,0.372,0.412,OF,
Nate Eato,29,681987,AAA,BOS,BOS (AAA),547,476,84,134,83,31,4,16,71,51,124,21,7,0.282,0.362,0.464,3B/OF,
Levi Jorda,30,682119,AAA,CIN,CIN (AAA),484,435,58,104,74,21,2,7,31,38,72,18,2,0.239,0.308,0.345,OF,
Drew Avan,30,682183,AAA,OAK,OAK (AAA),571,487,95,132,100,21,2,9,76,72,112,48,10,0.271,0.365,0.378,OF,
Ronny Simo,26,682927,AAA,PIT,PIT (AAA),460,390,60,121,88,18,4,11,64,60,80,33,9,0.31,0.4,0.462,2B/OF,
Michael Stefani,30,683021,AAA,TOR,TOR (AAA),591,487,62,135,103,24,0,8,68,76,60,9,7,0.277,0.39,0.376,2B,
Omar Martine,24,683079,"A+,AA,AAA",NYY,"NYY (A+,AA,AAA)",508,438,61,96,64,15,1,16,62,59,165,1,2,0.219,0.317,0.368,C,
Nick Sogar,28,686765,AAA,BOS,BOS (AAA),573,466,90,127,87,31,0,9,50,99,102,20,7,0.273,0.399,0.397,2B,
Aaron Schun,28,668845,AAA,COL,COL (AAA),513,458,74,136,88,26,7,15,82,42,96,6,4,0.297,0.358,0.483,2B/3B/SS,
Marco Lucian,24,682617,"AA,AAA",SFG,"SFG (AA,AAA)",690,578,108,136,71,31,1,33,90,100,204,13,4,0.235,0.348,0.464,SS,
Bryan Ramo,24,682868,AAA,CHW,CHW (AAA),559,475,66,102,64,21,1,16,55,61,125,18,7,0.215,0.317,0.364,3B,
Cody Freema,24,683227,AAA,TEX,TEX (AAA),426,384,75,129,85,25,0,19,71,32,37,8,5,0.336,0.382,0.549,2B,
Cam Devanne,28,687478,AAA,PIT,PIT (AAA),435,379,52,101,58,20,3,20,66,44,107,5,3,0.266,0.353,0.493,3B,
Grant McCra,25,687529,AAA,SFG,SFG (AAA),656,565,96,134,87,24,5,18,88,78,173,31,5,0.237,0.328,0.393,OF,
Dustin Harri,26,687957,AAA,TEX,TEX (AAA),462,406,77,113,80,20,2,11,44,46,84,34,4,0.278,0.361,0.419,OF,
Blaine Cri,29,688760,AAA,TEX,TEX (AAA),639,557,84,154,97,30,1,26,113,73,124,6,3,0.276,0.365,0.474,1B,
Andre Lipciu,27,686531,AAA,CHW,CHW (AAA),421,371,56,89,49,21,1,18,71,37,77,3,2,0.24,0.318,0.447,3B,
Logan Davidso,28,669722,AAA,OAK,OAK (AAA),572,464,74,109,66,26,2,15,73,95,164,14,3,0.235,0.374,0.397,1B,
Ryan Kreidle,28,668952,AAA,PIT,PIT (AAA),514,426,61,104,56,34,4,10,53,77,143,21,12,0.244,0.368,0.413,3B/SS,
Kevin Alc\xc3\xa1ntar,23,682634,AAA,CHC,CHC (AAA),583,513,80,134,71,32,0,31,97,66,180,13,5,0.261,0.346,0.505,OF,
Matthew Lug,25,683090,"AA,AAA",LAA,"LAA (AA,AAA)",604,540,79,140,89,31,6,14,79,52,171,19,8,0.259,0.333,0.417,OF,
Vaughn Grisso,25,687093,AAA,BOS,BOS (AAA),454,405,70,112,73,26,0,13,53,38,80,9,3,0.277,0.344,0.437,2B,
Tristin Englis,29,663536,"AA,AAA,CPX",ARI,"ARI (AA,AAA,CPX)",530,493,66,150,95,33,1,21,100,24,90,0,0,0.304,0.344,0.503,1B,
Dominic Fletche,28,666150,"A,AAA,CPX",CHW,"CHW (A,AAA,CPX)",473,429,62,110,67,20,4,19,72,29,95,7,4,0.256,0.314,0.455,OF,
Darell Hernai,23,687231,AAA,OAK,OAK (AAA),445,387,67,118,83,28,3,4,50,46,51,12,0,0.305,0.383,0.424,3B/SS,
Kenedy Coron,26,685744,"AA,AAA",HOU,"HOU (AA,AAA)",543,473,65,105,75,16,3,11,53,56,129,26,5,0.222,0.309,0.338,OF,
John Rav,28,670231,AAA,KCR,KCR (AAA),433,368,80,104,61,20,5,18,53,52,92,29,2,0.283,0.372,0.511,OF,
Oliver Dun,28,686554,AAA,MIL,MIL (AAA),629,540,79,121,74,27,6,14,70,75,187,32,6,0.224,0.33,0.374,3B,
Davis Wendze,29,673995,"A+,AAA",CIN,"CIN (A+,AAA)",506,432,68,107,60,28,0,19,72,58,94,1,0,0.248,0.35,0.444,3B,
Jonatan Clas,24,682729,AAA,TOR,TOR (AAA),415,364,50,90,55,26,1,8,29,43,106,36,5,0.247,0.33,0.39,OF,
Yohendrick Pi\xc3\xb1ang,24,682818,"AA,AAA",TOR,"TOR (AA,AAA)",625,534,67,140,84,36,2,18,83,80,129,8,0,0.262,0.362,0.438,OF,
Jesus Rodrigue,24,683679,"AA,AAA",SFG,"SFG (AA,AAA)",680,589,96,183,146,25,3,9,73,78,89,25,9,0.311,0.394,0.409,C,
Ryan War,28,669899,AAA,LAD,LAD (AAA),814,701,134,203,115,39,7,42,150,109,153,21,6,0.29,0.386,0.545,1B,
Robert Hassell II,24,690987,AAA,WSN,WSN (AAA),457,405,61,118,88,19,0,11,61,49,94,20,5,0.291,0.369,0.42,OF,
Rece Hind,25,677956,AAA,CIN,CIN (AAA),531,467,97,142,79,29,4,30,102,51,139,24,6,0.304,0.374,0.576,OF,
Owen Caissi,22,683357,AAA,CHC,CHC (AAA),433,370,74,106,54,28,2,22,55,57,121,5,4,0.286,0.386,0.551,OF,
Justin Foscu,27,679822,"AAA,CPX",TEX,"TEX (AAA,CPX)",602,522,84,137,78,38,0,21,82,68,86,10,0,0.262,0.353,0.456,1B/DH,
Nick York,24,694377,AAA,PIT,PIT (AAA),451,411,57,115,84,21,3,7,59,37,99,18,6,0.28,0.341,0.397,2B/3B,
Gage Workma,26,669398,AAA,CHW,CHW (AAA),508,443,80,119,58,34,8,19,76,57,172,24,4,0.269,0.354,0.51,3B,
Alika William,27,675961,AAA,PIT,PIT (AAA),522,467,69,132,96,21,4,11,60,38,86,5,4,0.283,0.346,0.415,SS,
Brett Wisel,27,689172,AAA,SFG,SFG (AAA),466,410,56,109,69,29,2,9,60,44,96,17,2,0.266,0.343,0.412,2B,
Zac Vee,24,691728,"AAA,CPX",COL,"COL (AAA,CPX)",576,501,83,145,95,30,5,15,85,67,121,24,7,0.289,0.375,0.459,OF,
Tyler Gentr,27,694355,AAA,KCR,KCR (AAA),426,371,49,84,46,23,3,12,56,39,108,7,3,0.226,0.311,0.402,OF,
Shay Whitcom,27,694376,AAA,HOU,HOU (AAA),523,457,75,122,68,25,0,29,74,54,141,20,3,0.267,0.354,0.512,2B/3B,
Petey Halpi,24,690984,AAA,CLE,CLE (AAA),681,605,105,151,94,35,6,16,58,64,185,24,3,0.25,0.322,0.407,OF,
Adael Amado,23,691182,AAA,COL,COL (AAA),534,450,74,129,92,19,4,14,80,74,64,28,10,0.287,0.391,0.44,2B,
Maximo Acost,23,691185,AAA,MIA,MIA (AAA),537,475,69,105,69,19,3,14,57,56,143,43,10,0.221,0.309,0.362,2B/3B/SS,
Deyvison De Los Santo,23,691277,"A,AAA,CPX",MIA,"MIA (A,AAA,CPX)",585,521,75,127,92,18,1,16,75,51,125,24,8,0.244,0.318,0.374,1B/DH,
Jose Fernande,22,699912,"AA,AAA",ARI,"ARI (AA,AAA)",515,475,68,128,80,27,4,17,80,32,105,12,4,0.269,0.318,0.451,1B/DH,
Jasson Dom\xc3\xadngue,23,691176,AAA,NYY,NYY (AAA),106,92,15,30,22,5,0,3,15,13,16,8,1,0.326,0.415,0.478,OF,
Jhostynxon Garci,23,691373,"A,AA,AAA",BOS,"BOS (A,AA,AAA)",583,521,91,138,88,19,4,27,87,51,155,7,1,0.265,0.333,0.472,OF,
Jeferson Quer,23,691620,"AAA,CPX",MIL,"MIL (AAA,CPX)",434,373,59,98,58,24,1,15,81,46,73,4,0,0.263,0.35,0.453,C,
Tsung-Che Chen,24,691907,"A,AAA",PIT,"PIT (A,AAA)",532,450,54,96,71,15,5,5,46,69,133,25,12,0.213,0.318,0.302,2B/SS,
Yanquiel Fern\xc3\xa1nde,23,692585,AAA,COL,COL (AAA),411,373,62,102,60,19,1,22,63,32,65,0,2,0.273,0.331,0.507,DH/OF,
Felix Reye,25,694025,"AA,AAA",PHI,"PHI (AA,AAA)",505,471,76,156,88,42,4,22,82,22,83,13,3,0.331,0.359,0.577,1B/OF,
Denzer Guzma,22,694203,"AA,AAA",LAA,"LAA (AA,AAA)",711,616,89,161,98,38,1,24,110,81,171,17,6,0.261,0.352,0.443,SS,
Mois\xc3\xa9s Ballestero,21,694208,AAA,CHC,CHC (AAA),509,446,62,141,98,29,1,13,76,49,67,5,2,0.316,0.385,0.473,DH,
Tanner Murra,26,695020,AAA,TBR,TBR (AAA),602,545,73,133,83,30,0,20,65,45,145,7,4,0.244,0.308,0.409,OF,
Carter Jense,21,695600,"AA,AAA",KCR,"KCR (AA,AAA)",492,427,72,124,79,20,5,20,76,60,122,10,1,0.29,0.377,0.501,C/DH,
Blake Dun,27,694362,AAA,CIN,CIN (AAA),560,473,80,136,106,20,2,8,53,65,127,31,4,0.288,0.389,0.389,OF,
Justyn-Henry Mallo,26,669234,AAA,DET,DET (AAA),469,376,63,101,65,23,0,13,64,79,108,12,3,0.269,0.405,0.434,DH/OF,
Chad Steven,27,677060,AAA,LAA,LAA (AAA),678,590,109,180,119,35,6,20,99,73,153,26,5,0.305,0.388,0.486,2B/3B,
Joe Mac,23,691788,"AA,AAA",MIA,"MIA (AA,AAA)",571,490,80,125,75,24,2,24,67,65,149,10,3,0.255,0.347,0.459,C,
Niko Kavada,27,694359,AAA,LAA,LAA (AAA),635,516,93,129,65,28,3,33,110,99,191,1,1,0.25,0.384,0.508,1B/DH,
TJ Rumfiel,25,681198,AAA,NYY,NYY (AAA),587,499,85,142,94,31,1,16,87,70,108,5,2,0.285,0.378,0.447,1B,
Jack Winkle,27,676466,AAA,MIA,MIA (AAA),436,388,52,85,60,15,0,10,45,38,128,27,2,0.219,0.296,0.335,2B,
Darren Bake,27,671117,AAA,WSN,WSN (AAA),431,374,53,94,75,15,3,1,29,48,75,29,8,0.251,0.338,0.316,2B/DH,
Harry For,23,695670,AAA,SEA,SEA (AAA),586,480,80,127,88,22,0,17,81,93,124,7,7,0.265,0.391,0.417,C,
Bob Seymou,26,676044,AAA,TBR,TBR (AAA),443,403,70,106,52,21,3,30,87,38,114,1,0,0.263,0.327,0.553,1B,
Carson William,23,700246,AAA,TBR,TBR (AAA),584,503,96,110,60,16,6,28,75,73,192,28,9,0.219,0.322,0.441,SS,
Tristan Peter,25,671976,AAA,TBR,TBR (AAA),555,482,73,128,82,28,3,15,76,65,102,11,7,0.266,0.355,0.429,OF,
Hao-Yu  Le,23,701678,"A,AAA",DET,"DET (A,AAA)",618,533,83,128,82,23,8,15,68,67,130,22,6,0.24,0.335,0.398,2B/3B,
Oscar Col\xc3\xa1,26,693049,"AA,AAA",CHW,"CHW (AA,AAA)",421,379,40,78,49,11,3,15,58,38,107,5,1,0.206,0.278,0.369,OF,
C\xc3\xa9sar Priet,27,693409,AAA,STL,STL (AAA),630,566,98,171,109,42,5,15,85,44,88,13,14,0.302,0.362,0.473,2B/3B/DH,
Jimmy Crook,24,699625,AAA,STL,STL (AAA),569,501,88,135,84,24,1,26,106,60,157,1,0,0.269,0.353,0.477,C,
Jakob Marse,24,805300,AAA,MIA,MIA (AAA),429,345,56,85,52,14,5,14,37,68,81,47,13,0.246,0.379,0.438,OF,
Tyler Locklea,25,682988,"AAA,CPX",SEA,"SEA (AAA,CPX)",468,403,71,126,78,27,1,20,86,51,96,18,6,0.313,0.397,0.533,1B,
Jace Jun,25,690291,AAA,DET,DET (AAA),642,531,94,134,77,35,1,21,88,104,157,4,4,0.252,0.372,0.441,3B,
Daniel Susa,25,691740,AAA,OAK,OAK (AAA),428,377,53,108,68,19,1,20,73,37,110,8,3,0.286,0.362,0.501,C,
Henry Bolt,22,703607,"AA,AAA",OAK,"OAK (AA,AAA)",665,573,107,173,116,27,9,21,84,74,180,61,4,0.302,0.394,0.49,OF,
Wade Meckle,26,685133,"AA,AAA,CPX",SFG,"SFG (AA,AAA,CPX)",542,451,68,133,101,24,3,5,50,84,96,17,3,0.295,0.406,0.395,OF,
Sal Stewar,21,701398,"AA,AAA",CIN,"CIN (AA,AAA)",494,437,78,135,81,34,0,20,80,46,77,17,3,0.309,0.383,0.524,1B,
Tim Elk,26,671284,AAA,CHW,CHW (AAA),414,373,64,109,64,19,0,26,70,34,123,2,0,0.292,0.357,0.552,1B,
Spencer Jone,25,682987,"AA,AAA",NYY,"NYY (AA,AAA)",648,558,127,151,74,30,1,46,121,76,225,36,8,0.271,0.363,0.575,DH/OF,
Drew Gilber,25,687551,"A,AAA",SFG,"SFG (A,AAA)",464,388,63,103,62,22,4,15,58,56,71,6,3,0.265,0.371,0.459,OF,
Trey Lipscom,26,702358,AAA,WSN,WSN (AAA),615,567,68,140,86,36,1,17,82,42,127,13,6,0.247,0.3,0.404,3B,
Zach Col,25,805904,"A,AA,AAA",HOU,"HOU (A,AA,AAA)",453,387,69,106,54,23,8,21,69,59,156,18,8,0.274,0.377,0.537,OF,
Alex Freelan,24,690976,AAA,LAD,LAD (AAA),512,419,78,109,63,30,0,16,82,83,112,18,6,0.26,0.381,0.446,2B/3B,
Dylan Beaver,23,687637,AAA,BAL,BAL (AAA),418,342,78,104,70,14,2,18,51,68,76,23,5,0.304,0.42,0.515,OF,
Justin Crawfor,21,702222,AAA,PHI,PHI (AAA),506,440,88,147,113,23,4,7,47,58,91,46,11,0.334,0.411,0.452,OF,
Otto Kem,26,805249,AAA,PHI,PHI (AAA),426,353,74,105,57,27,2,19,87,42,104,14,4,0.297,0.399,0.547,3B/OF,
Rhylan Thoma,26,689041,AAA,SEA,SEA (AAA),770,685,121,212,175,27,1,9,87,57,46,41,10,0.309,0.363,0.391,OF,
Colby Thoma,25,687515,AAA,OAK,OAK (AAA),462,401,80,118,69,24,2,23,93,40,122,8,5,0.294,0.371,0.536,OF,
Rafael Flores Jr,25,804668,"AA,AAA",PIT,"PIT (AA,AAA)",723,636,82,170,110,32,3,25,109,74,191,6,0,0.267,0.347,0.445,1B,
Carson McCuske,27,676812,AAA,MIN,MIN (AAA),438,390,57,96,49,25,0,22,70,36,148,5,2,0.246,0.316,0.479,OF,
Brice Matthew,23,694728,AAA,HOU,HOU (AAA),498,419,70,109,67,18,7,17,64,70,139,41,11,0.26,0.371,0.458,2B/OF,
Bryce Eldridg,21,805811,"AA,AAA,CPX",SFG,"SFG (AA,AAA,CPX)",570,498,71,138,81,27,0,30,106,62,168,1,1,0.277,0.36,0.512,1B/DH,
Jim Jarvi,25,805347,"AA,AAA",DET,"DET (AA,AAA)",575,506,85,135,96,30,3,6,59,56,82,31,7,0.267,0.351,0.374,SS,
Kevin McGonigl,20,805808,"A,A+,AA",DET,"DET (A,A+,AA)",397,331,68,101,49,31,2,19,80,59,46,10,7,0.305,0.408,0.583,3B/SS,
Kristian Campbel,24,692225,AAA,BOS,BOS (AAA),469,394,55,107,78,17,2,10,55,59,129,6,1,0.272,0.38,0.401,2B,
A.J. Ewin,21,805999,"A,A+,AA,AAA",NYM,"NYM (A,A+,AA,AAA)",696,594,112,190,138,35,12,5,66,90,125,87,12,0.32,0.409,0.444,OF,
CJ Kayfu,24,692216,"AA,AAA",CLE,"CLE (AA,AAA)",404,346,52,104,62,20,8,14,59,48,98,4,3,0.301,0.391,0.526,1B/OF,
Travis Bazzan,23,683953,"AA,AAA,CPX",CLE,"CLE (AA,AAA,CPX)",491,396,89,101,55,28,7,11,49,87,116,20,4,0.255,0.397,0.444,2B,
Christian Moor,23,695681,"A,AA,AAA",LAA,"LAA (A,AA,AAA)",413,337,63,88,56,16,7,9,57,69,108,14,7,0.261,0.387,0.43,2B,
JJ Wetherhol,22,802139,"AA,AAA",STL,"STL (AA,AAA)",496,408,82,125,78,28,2,17,59,72,73,23,3,0.306,0.421,0.51,2B,
Ryan Waldschmid,23,814439,"A+,AA,AAA",ARI,"ARI (A+,AA,AAA)",757,612,144,177,113,36,7,21,100,115,144,35,12,0.289,0.415,0.474,OF,
Sam Antonacc,23,803011,"A+,AA,AAA,CPX",CHW,"CHW (A+,AA,AAA,CPX)",586,454,84,133,97,23,6,7,64,84,81,53,10,0.293,0.44,0.416,OF,
Carson Beng,22,701807,"A+,AA,AAA",NYM,"NYM (A+,AA,AAA)",519,441,87,124,77,25,7,15,73,68,92,22,4,0.281,0.385,0.472,OF,
Konnor Griffi,20,804606,"A,A+,AA,AAA",PIT,"PIT (A,A+,AA,AAA)",584,500,121,168,117,26,4,21,95,55,126,68,15,0.336,0.42,0.53,SS,
Clay Dunga,30,687867,AAA,SDP,SDP (AAA),722,614,119,167,103,38,8,18,96,79,169,32,7,0.272,0.359,0.448,2B/SS,
Ernesto Martinez Jr,27,667803,AAA,MIL,MIL (AAA),439,378,57,95,62,18,3,12,58,50,117,3,4,0.251,0.342,0.41,1B,
Rafael Lantigu,28,672463,AAA,PHI,PHI (AAA),612,501,97,113,80,21,2,10,71,92,99,19,7,0.226,0.347,0.335,2B,
Luis Miese,25,672635,AA,TEX,TEX (AA),428,394,45,92,61,15,2,14,54,31,85,1,2,0.234,0.29,0.388,OF,
Francisco Acun,26,672696,"AA,AAA",SDP,"SDP (AA,AAA)",637,535,76,129,93,24,2,10,62,73,147,26,8,0.241,0.345,0.35,SS,
Je'Von War,26,669219,"A+,AA,AAA",TOR,"TOR (A+,AA,AAA)",490,401,79,89,56,19,4,10,66,86,138,8,4,0.222,0.359,0.364,OF,
Carlos Rodr\xc3\xadgue,25,677578,"AA,AAA",ATL,"ATL (AA,AAA)",703,622,71,161,138,14,1,8,49,69,90,22,10,0.259,0.331,0.323,OF,
Keyber Rodrigue,25,677601,"AA,AAA",TEX,"TEX (AA,AAA)",642,584,70,157,117,30,4,6,56,44,133,17,9,0.269,0.32,0.365,3B/SS,
Eddys Leonar,25,678760,AAA,ATL,ATL (AAA),638,563,67,147,87,29,5,26,86,49,119,16,8,0.261,0.33,0.469,SS,
Junior Pere,24,678577,"AA,AAA",OAK,"OAK (AA,AAA)",741,628,110,142,69,34,8,31,106,100,216,31,7,0.226,0.332,0.454,OF,
Pablo Aliend,24,680846,AA,CHC,CHC (AA),390,353,40,72,45,14,0,13,49,24,136,0,3,0.204,0.269,0.354,C,
Eduardo Valenci,26,680664,"AA,AAA",DET,"DET (AA,AAA)",587,514,86,149,95,22,3,29,112,59,120,1,1,0.29,0.367,0.514,C/1B,
Orlando Martine,28,678636,AA,HOU,HOU (AA),397,347,50,95,65,22,2,6,46,45,69,11,5,0.274,0.357,0.401,OF,
Kristian Robinso,25,677565,"AA,AAA",ARI,"ARI (AA,AAA)",672,556,102,148,91,28,8,21,81,101,184,40,10,0.266,0.383,0.459,OF,
Reivaj Garci,23,678706,"A+,AA",CHC,"CHC (A+,AA)",399,363,40,93,76,15,2,0,28,27,64,13,4,0.256,0.311,0.309,2B,
Carlos De La Cru,25,678926,"AA,AAA",WSN,"WSN (AA,AAA)",482,439,46,97,57,20,7,13,57,36,159,12,4,0.221,0.286,0.387,OF,
Frainyer Chave,27,669413,"AA,AAA",TEX,"TEX (AA,AAA)",599,508,90,130,99,18,0,13,59,77,123,13,12,0.256,0.358,0.368,2B/3B,
Raynel Delgad,26,669384,AAA,MIL,MIL (AAA),632,556,74,148,115,24,3,6,75,58,127,53,14,0.266,0.342,0.353,2B/3B,
Ramon Mendoz,25,680636,"AA,AAA",STL,"STL (AA,AAA)",519,436,77,125,84,22,2,17,73,73,106,4,5,0.287,0.392,0.463,2B/3B,
Nick Schnel,26,678010,"AA,AAA",WSN,"WSN (AA,AAA)",670,596,107,149,83,24,13,29,97,60,209,20,5,0.25,0.322,0.48,OF,
Jax Bigger,29,680890,"AA,AAA,CPX",TEX,"TEX (AA,AAA,CPX)",425,348,52,71,55,12,1,3,33,70,101,18,3,0.204,0.34,0.27,2B,
Andy Webe,28,681581,"AA,AAA",ARI,"ARI (AA,AAA)",629,565,96,162,118,25,9,10,74,55,110,2,9,0.287,0.351,0.416,2B/SS,
Jaylen Palme,24,681941,"AA,AAA",CHC,"CHC (AA,AAA)",441,380,57,90,72,9,1,8,35,53,154,25,9,0.237,0.338,0.329,3B/OF,
Eduardo Garci,23,682633,"A+,AA",MIL,"MIL (A+,AA)",641,560,87,134,84,32,2,16,69,68,168,47,10,0.239,0.331,0.389,SS,
Juan Guerrer,23,682648,AA,COL,COL (AA),413,370,36,96,77,17,0,2,34,32,63,13,6,0.259,0.314,0.322,OF,
Victor Bericot,24,682674,"AA,AAA,CPX",SFG,"SFG (AA,AAA,CPX)",621,554,75,154,105,25,5,19,89,57,137,3,2,0.278,0.346,0.444,1B/OF,
Dayan Fria,24,682679,"AA,AAA",CLE,"CLE (AA,AAA)",593,507,70,106,76,22,0,8,48,73,151,29,12,0.209,0.311,0.3,3B,
Jose Ramo,25,682947,"AA,AAA",LAD,"LAD (AA,AAA)",532,466,72,110,69,15,3,23,79,55,168,7,9,0.236,0.32,0.429,OF,
Alexander Varga,24,683061,"A+,AA",CIN,"CIN (A+,AA)",464,419,55,102,74,15,6,7,48,34,76,28,8,0.243,0.304,0.358,SS,
Euribiel Angele,24,683494,"AA,AAA",OAK,"OAK (AA,AAA)",613,549,77,151,115,30,0,6,69,51,68,20,6,0.275,0.343,0.362,2B/SS,
Leandro Pined,24,683610,AA,PHI,PHI (AA),515,438,63,95,55,26,3,11,46,58,110,10,1,0.217,0.32,0.365,OF,
Jorge Burgo,23,684222,AA,CLE,CLE (AA),483,419,51,87,49,20,4,14,83,54,106,2,3,0.208,0.3,0.375,OF,
Geraldo Quinter,23,684852,AA,ATL,ATL (AA),399,335,43,71,46,11,4,10,41,52,87,29,11,0.212,0.327,0.358,2B/OF,
Carlos Mendoz,26,685332,"AA,AAA",DET,"DET (AA,AAA)",549,446,78,120,90,20,2,8,54,80,74,14,10,0.269,0.389,0.377,2B/OF,
Rubel Cespede,24,686438,AA,MIN,MIN (AA),398,360,41,88,55,21,3,9,53,35,67,1,1,0.244,0.314,0.394,1B/3B,
Jose Colmenare,24,683569,"A+,AA",PHI,"PHI (A+,AA)",519,446,63,102,62,25,4,11,61,59,133,22,16,0.229,0.328,0.377,2B/SS,
Eddinson Paulin,23,682796,"A,AA",TOR,"TOR (A,AA)",389,354,39,71,44,11,3,13,41,28,100,8,4,0.201,0.27,0.359,2B/3B/SS,
Luke Ritte,29,682239,AAA,NYM,NYM (AAA),481,417,65,90,59,17,3,11,44,53,155,2,1,0.216,0.316,0.35,2B/3B,
Joe Naranj,24,683172,AA,WSN,WSN (AA),418,348,45,79,61,14,1,3,35,61,98,2,0,0.227,0.344,0.299,1B,
Christian Cair,25,686551,AAA,CLE,CLE (AAA),594,493,88,122,90,25,3,4,41,78,128,44,11,0.247,0.365,0.335,2B/3B/SS,
DJ Gladne,24,687554,AA,CHW,CHW (AA),502,463,61,117,80,21,4,12,62,26,152,12,7,0.253,0.294,0.393,OF,
Kellen Strah,29,687005,AAA,TEX,TEX (AAA),581,493,70,119,87,20,1,11,55,79,125,41,6,0.241,0.345,0.353,OF,
Jackson Cluf,29,687714,AAA,WSN,WSN (AAA),499,420,75,91,54,16,4,17,51,65,149,27,5,0.217,0.324,0.395,SS,
Cooper Johnso,28,666194,"AA,AAA",TEX,"TEX (AA,AAA)",489,418,46,91,59,20,1,11,51,61,144,4,1,0.218,0.322,0.349,C,
Corey Joyc,27,687144,AA,CHC,CHC (AA),474,396,67,112,82,20,1,9,53,64,103,18,3,0.283,0.394,0.407,2B/SS,
Jake Holto,28,687724,"AA,AAA",DET,"DET (AA,AAA)",577,494,79,124,68,32,2,22,88,76,147,6,1,0.251,0.354,0.457,1B,
Andrew Navigat,28,685382,AAA,DET,DET (AAA),421,370,52,78,44,20,2,12,52,36,123,10,6,0.211,0.29,0.373,2B/SS,
Sammy Sian,25,686445,"A,AA,AAA,CPX",PIT,"PIT (A,AA,AAA,CPX)",476,422,57,86,59,14,4,9,50,50,103,22,6,0.204,0.288,0.32,OF,
William Lug,23,683493,AA,NYM,NYM (AA),427,380,38,78,57,15,0,6,38,39,113,5,1,0.205,0.283,0.292,3B/SS,
Kervin Pichard,24,682775,AA,PIT,PIT (AA),462,393,52,83,53,17,2,11,52,55,119,8,4,0.211,0.312,0.349,3B/SS,
Jase Bowe,25,687749,"A,A+,AA,AAA",PIT,"PIT (A,A+,AA,AAA)",519,460,79,124,69,28,8,19,59,52,147,24,9,0.27,0.344,0.489,OF,
Darrien Mille,25,687152,AA,MIL,MIL (AA),403,301,55,63,37,14,1,11,47,76,102,5,0,0.209,0.405,0.372,C,
T.J. Schofield-Sa,24,672013,"A+,AA",OAK,"OAK (A+,AA)",508,446,60,121,90,21,5,5,55,28,107,4,1,0.271,0.352,0.374,1B/3B,
Ethan Hear,25,683001,AA,CHC,CHC (AA),370,339,36,66,46,10,1,9,37,26,110,7,0,0.195,0.259,0.31,C,
Wuilfredo Antune,24,686404,"A+,AA",CLE,"CLE (A+,AA)",552,494,75,125,64,28,9,24,82,45,134,17,4,0.253,0.316,0.492,OF,
Dasan Brow,24,672018,"AA,AAA",TOR,"TOR (AA,AAA)",398,325,54,62,47,9,1,5,19,54,113,45,9,0.191,0.318,0.271,OF,
Karson Sima,25,689302,"A+,AA,AAA",BOS,"BOS (A+,AA,AAA)",447,400,60,99,72,16,3,8,46,38,114,31,3,0.248,0.325,0.362,2B/OF,
Shane Sasak,25,687071,"AA,AAA",MIA,"MIA (AA,AAA)",466,399,48,90,65,17,5,3,43,53,116,35,4,0.226,0.317,0.316,OF,
Trei Cru,27,669360,"AA,AAA",DET,"DET (AA,AAA)",645,519,108,140,88,34,4,14,74,114,143,18,8,0.27,0.402,0.432,SS,
Hayden Cantrell,27,676463,"AA,AAA",CHC,"CHC (AA,AAA)",461,382,62,86,59,16,5,6,44,66,149,32,9,0.225,0.349,0.34,2B,
Trevor Hauve,27,669386,"AAA,CPX",TEX,"TEX (AAA,CPX)",607,501,79,134,90,28,3,13,81,95,150,5,2,0.267,0.387,0.413,OF,
Aaron Sabat,27,693306,"A,AA,AAA",MIN,"MIN (A,AA,AAA)",540,484,64,127,72,23,2,30,87,46,155,2,0,0.262,0.33,0.504,1B,
Freddy Zamor,27,668965,AAA,MIL,MIL (AAA),470,400,57,96,69,23,0,4,50,60,86,14,7,0.24,0.344,0.328,SS,
David Calabres,23,683341,"A+,AA",LAA,"LAA (A+,AA)",493,438,52,89,60,17,1,11,34,44,113,15,7,0.203,0.279,0.322,OF,
Austin Hendric,25,690988,AA,CIN,CIN (AA),486,430,56,110,72,19,0,19,75,42,154,7,4,0.256,0.329,0.433,OF,
A.J. Vukovic,24,691021,AAA,ARI,ARI (AAA),529,478,87,137,86,23,4,24,88,47,139,0,2,0.287,0.352,0.502,3B/OF,
Jordan Nwog,27,685087,AA,CHC,CHC (AA),505,436,67,122,102,13,3,4,53,45,117,31,7,0.28,0.368,0.351,OF,
Blaze Jorda,23,691458,"AA,AAA",STL,"STL (AA,AAA)",693,628,100,175,108,38,2,27,121,55,79,7,3,0.279,0.341,0.475,1B/3B,
Milan Tolentin,24,675455,AAA,CLE,CLE (AAA),611,525,79,117,58,29,3,27,86,75,204,26,8,0.223,0.322,0.444,SS,
Zavier Warre,27,680518,AA,MIL,MIL (AA),613,523,70,116,79,16,6,15,85,75,147,13,2,0.222,0.319,0.361,1B/3B,
Kevin Mad,23,691183,"A,AA",WSN,"WSN (A,AA)",379,336,36,77,65,8,0,4,44,31,61,10,2,0.229,0.3,0.289,SS,
Roberto Campo,23,691449,"A+,AA",DET,"DET (A+,AA)",437,388,49,95,65,22,4,4,41,42,109,5,2,0.245,0.318,0.353,OF,
Adrian Placenci,23,691269,"A+,CPX",LAA,"LAA (A+,CPX)",536,436,78,93,55,15,5,18,70,82,161,9,4,0.213,0.345,0.394,2B/SS,
Ian Lewis Jr,23,691588,"A,A+,AA",MIA,"MIA (A,A+,AA)",385,340,55,88,59,16,4,9,43,35,60,43,13,0.259,0.333,0.409,2B/3B,
Reginald Preciad,23,691262,A+,CHC,CHC (A+),394,358,36,82,57,20,0,5,46,27,105,10,4,0.229,0.299,0.327,3B,
Aeverson Arteag,23,692348,AA,SFG,SFG (AA),551,501,45,103,74,19,2,8,51,35,146,7,1,0.206,0.261,0.299,SS,
Jhon Dia,23,691252,"A+,AA",TBR,"TBR (A+,AA)",449,403,49,76,45,13,5,13,51,40,115,14,6,0.189,0.265,0.342,OF,
Matt Kopernia,28,689288,AAA,STL,STL (AAA),609,544,80,137,98,20,3,16,78,54,115,10,3,0.252,0.32,0.388,OF,
Francisco Urbae,28,688005,AAA,CIN,CIN (AAA),519,451,81,138,91,37,6,4,59,53,52,5,5,0.306,0.382,0.441,2B,
Nick Rapos,28,695596,AA,SEA,SEA (AA),430,372,44,97,74,17,2,4,49,48,83,7,3,0.261,0.35,0.349,C,
Victor Labrad,26,700032,"AA,AAA",SEA,"SEA (AA,AAA)",657,531,96,150,109,29,4,8,60,98,116,49,13,0.282,0.408,0.397,OF,
Ethan Workinge,24,689688,AA,ATL,ATL (AA),583,520,63,114,72,21,2,19,83,52,109,15,5,0.219,0.294,0.377,OF,
Junior Franc,23,691285,"A+,AA",ARI,"ARI (A+,AA)",401,355,53,104,73,19,3,9,48,38,65,19,8,0.293,0.366,0.439,OF,
Angel Orti,23,691292,"A+,AA",ARI,"ARI (A+,AA)",612,537,76,146,91,35,6,14,80,56,121,13,4,0.272,0.337,0.438,OF,
Yerlin Confida,23,691398,A+,CIN,CIN (A+),620,542,67,128,88,29,5,6,71,69,166,17,9,0.236,0.328,0.341,OF,
Wilfred Vera,23,691442,AA,CHW,CHW (AA),577,514,55,111,80,14,4,13,72,50,172,19,8,0.216,0.288,0.335,OF,
Yeiner Fernande,23,691558,AA,LAD,LAD (AA),465,411,51,100,83,15,0,2,40,41,53,2,2,0.243,0.323,0.294,C/2B,
Vincent Peroz,23,691710,"A,A+,AA,AAA",NYM,"NYM (A,A+,AA,AAA)",369,316,43,77,58,12,2,5,38,35,78,6,6,0.244,0.345,0.342,C,
Adri\xc3\xa1n Sugaste,23,692368,AA,SFG,SFG (AA),423,388,42,93,68,14,1,10,52,26,48,6,3,0.24,0.286,0.358,C,
Jeremy Riva,23,692405,AA,STL,STL (AA),601,521,73,112,76,22,1,13,69,63,159,31,9,0.215,0.313,0.336,SS,
Kala'i Rosari,23,693850,AA,MIN,MIN (AA),706,602,108,147,78,32,5,32,99,93,206,37,8,0.244,0.351,0.473,OF,
Ricardo Oliva,24,691627,AA,MIN,MIN (AA),528,457,76,121,77,21,0,23,87,63,97,15,5,0.265,0.356,0.462,C/OF,
Jose Dever,23,691410,"A+,AA",CLE,"CLE (A+,AA)",626,571,77,129,75,36,5,13,75,44,177,14,5,0.226,0.286,0.375,SS,
Jheremy Varga,23,691621,"A+,AA,AAA",MIL,"MIL (A+,AA,AAA)",395,358,32,77,70,7,0,0,35,32,81,13,8,0.215,0.284,0.235,2B/3B,
Ronald Rosari,23,691385,AA,BOS,BOS (AA),480,431,42,92,67,13,0,12,65,38,110,5,3,0.213,0.285,0.327,C,
Johnny Ascani,22,691392,"A+,AA",CIN,"CIN (A+,AA)",389,314,43,68,50,12,2,4,26,55,69,3,3,0.217,0.35,0.306,2B,
Maick Collad,23,691408,"A+,AAA",CLE,"CLE (A+,AAA)",396,357,40,90,63,22,1,4,41,30,61,3,1,0.252,0.307,0.353,1B/3B,
Esteban Gonz\xc3\xa1le,23,691416,A+,CLE,CLE (A+),545,490,65,128,80,32,4,12,55,40,133,29,8,0.261,0.325,0.416,OF,
Jose Mez,23,691561,"A,A+",LAD,"LAD (A,A+)",648,523,84,124,89,20,4,11,86,99,157,37,12,0.237,0.372,0.354,OF,
Jared Sern,24,691858,"AA,AAA",MIA,"MIA (AA,AAA)",588,519,66,116,95,14,2,5,40,58,90,25,11,0.224,0.307,0.287,2B/SS,
Jesus Castill,22,691913,"A+,AA,AAA",PIT,"PIT (A+,AA,AAA)",484,427,53,106,90,11,1,4,39,43,110,16,13,0.248,0.328,0.307,2B/3B,
Javier Riva,23,691922,"A+,AA",PIT,"PIT (A+,AA)",584,537,69,131,84,23,1,23,94,26,133,5,2,0.244,0.292,0.419,3B/SS,
George Feli,23,692031,"A,CPX",SEA,"SEA (A,CPX)",423,370,56,89,58,13,7,11,56,42,130,6,2,0.241,0.327,0.403,OF,
Carlos Jimene,23,692039,"A,A+",SEA,"SEA (A,A+)",624,526,92,134,89,20,7,18,89,87,150,33,17,0.255,0.365,0.422,OF,
Lizandro Espinoz,23,692371,"A+,AA",ATL,"ATL (A+,AA)",554,487,87,108,59,26,6,17,58,51,153,39,15,0.222,0.302,0.405,SS,
Christian Cerd,23,692416,"AA,AAA",ARI,"ARI (AA,AAA)",428,356,49,85,50,14,0,21,61,57,75,1,0,0.239,0.343,0.455,C,
Miguel Villarroe,24,692446,"A+,AAA",STL,"STL (A+,AAA)",353,316,54,84,66,12,2,4,41,29,89,27,6,0.266,0.333,0.354,3B/SS,
Victor Aria,22,692478,"A,A+,AA",TOR,"TOR (A,A+,AA)",506,444,77,120,81,22,8,9,52,56,112,20,7,0.27,0.354,0.417,OF,
Alexis Hernande,23,692562,"A,A+,CPX",TOR,"TOR (A,A+,CPX)",439,373,63,97,64,20,3,10,50,50,94,20,6,0.26,0.357,0.41,OF,
Omar Alfonz,22,692657,"A+,AA",PIT,"PIT (A+,AA)",581,498,69,117,76,24,1,16,71,72,169,2,0,0.235,0.339,0.384,C,
Kevin Villavicenci,22,692944,"A,A+,AAA",NYM,"NYM (A,A+,AAA)",414,369,48,81,57,16,3,5,45,30,68,23,10,0.22,0.284,0.32,2B/SS,
Arxy Hernande,22,694065,"A,A+",CHW,"CHW (A,A+)",588,530,56,115,88,15,4,8,52,45,147,8,2,0.217,0.289,0.306,3B,
Cristian Hern\xc3\xa1nde,22,694183,"A+,AA",CHC,"CHC (A+,AA)",618,544,64,133,91,32,2,8,59,64,132,60,12,0.244,0.322,0.355,SS,
Cristian Santan,22,694184,"A,A+",DET,"DET (A,A+)",517,398,68,75,43,13,2,17,65,97,133,10,1,0.188,0.362,0.359,3B/SS,
Danny De Andrad,22,694185,A+,MIN,MIN (A+),623,552,69,120,72,27,9,12,71,54,153,17,6,0.217,0.305,0.364,SS,
Shalin Polanc,22,694186,A+,PIT,PIT (A+),476,415,57,90,56,11,6,17,53,50,126,15,9,0.217,0.301,0.395,OF,
Pedro Pined,22,694191,"A,A+,CPX",OAK,"OAK (A,A+,CPX)",404,358,51,85,57,12,5,11,52,40,127,5,2,0.237,0.319,0.391,OF,
Victor Acost,22,694193,"A+,CPX",CIN,"CIN (A+,CPX)",422,355,49,78,61,11,3,3,33,38,84,13,4,0.22,0.326,0.293,2B/SS,
Angel Gena,22,694197,"AA,AAA,CPX",CLE,"CLE (AA,AAA,CPX)",520,455,73,123,85,24,5,9,57,59,85,9,1,0.27,0.354,0.404,SS,
Ariel Almont,22,694200,A+,CIN,CIN (A+),414,377,37,71,41,18,2,10,38,34,141,3,1,0.188,0.256,0.326,OF,
Manuel Beltr,22,694202,"A,A+",TOR,"TOR (A,A+)",528,461,66,106,73,25,1,7,49,53,97,29,9,0.23,0.314,0.334,SS,
Maikol Hern\xc3\xa1nde,22,694204,"A,A+,AAA",BAL,"BAL (A,A+,AAA)",450,370,34,69,50,14,1,4,43,59,128,10,3,0.186,0.302,0.262,3B/SS,
Manuel Pen,22,694211,AA,ARI,ARI (AA),623,579,96,168,101,36,3,28,84,34,142,3,2,0.29,0.329,0.508,2B,
Samuel Zaval,21,694214,"A+,AA",CHW,"CHW (A+,AA)",643,535,86,134,96,22,2,14,67,95,141,26,10,0.25,0.367,0.378,OF,
Yeison Morrobe,22,694218,"A+,CPX",TEX,"TEX (A+,CPX)",412,374,40,76,50,15,1,10,44,35,79,4,4,0.203,0.277,0.329,OF,
Gabriel Gonzale,22,694224,"A+,AA,AAA",MIN,"MIN (A+,AA,AAA)",721,638,98,186,118,42,3,23,84,61,116,8,6,0.292,0.36,0.475,OF,
Hendry Mende,22,694230,"AA,AAA",PHI,"PHI (AA,AAA)",621,519,92,156,114,22,5,15,86,82,91,12,4,0.301,0.399,0.449,OF,
Leonel Espinoz,23,696083,"A,A+",CHC,"CHC (A,A+)",591,534,86,137,106,20,3,8,66,46,129,38,9,0.257,0.321,0.35,OF,
Jesus Hernande,22,698929,"A,A+,AA",MIA,"MIA (A,A+,AA)",395,341,47,82,52,20,4,6,46,45,98,23,4,0.24,0.343,0.375,3B/SS,
Ronald Hernande,22,698933,A+,NYM,NYM (A+),511,433,62,95,61,20,4,10,67,65,114,25,7,0.219,0.327,0.353,C,
Yasmil Bucc,20,698935,"A,A+",BAL,"BAL (A,A+)",394,315,45,76,52,13,3,8,55,71,102,2,1,0.241,0.388,0.378,C/1B,
Anderson De Los Santo,22,698945,"A+,AA",BAL,"BAL (A+,AA)",495,405,54,95,57,23,4,11,64,76,111,22,7,0.235,0.368,0.393,3B,
Ramon Peralt,21,698956,CPX,SFG,SFG (CPX),199,165,29,43,26,9,3,5,33,26,60,6,2,0.261,0.372,0.442,SS,
Esmerlyn Valde,22,699013,"A+,AA,AAA",PIT,"PIT (A+,AA,AAA)",700,595,94,164,96,35,2,31,106,87,168,3,2,0.276,0.377,0.497,OF,
Leo Berna,22,699024,"AA,AAA",STL,"STL (AA,AAA)",592,515,78,127,87,23,1,16,88,65,108,16,6,0.247,0.331,0.388,C,
Yancel Guerrer,21,699026,CPX,STL,STL (CPX),176,146,23,32,23,7,0,2,19,17,49,26,6,0.219,0.337,0.308,1B/3B,
Thayron Liranz,22,699073,"A,AA",DET,"DET (A,AA)",466,403,57,84,52,20,0,12,51,53,145,0,0,0.208,0.305,0.347,C,
Leo Balcaza,22,699114,"A+,AA",CIN,"CIN (A+,AA)",719,621,91,163,121,25,1,16,83,77,106,10,7,0.262,0.35,0.383,SS,
Gregory Barrio,22,699126,"AA,CPX",TBR,"TBR (AA,CPX)",444,401,58,98,83,14,0,1,44,31,60,44,10,0.244,0.306,0.287,SS,
Jadher Areinam,22,699130,"A+,AA",TBR,"TBR (A+,AA)",661,588,80,158,100,35,2,21,85,52,85,21,8,0.269,0.328,0.442,2B/SS,
Gleider Figuere,22,699213,A+,TEX,TEX (A+),591,518,62,104,69,13,1,21,79,58,162,9,3,0.201,0.289,0.351,3B,
Anderdson Roja,22,699232,"A+,AAA",ARI,"ARI (A+,AAA)",611,526,71,128,98,26,3,1,48,60,95,22,10,0.243,0.318,0.31,OF,
Yohairo Cueva,22,699293,"A,A+",NYM,"NYM (A,A+)",460,379,59,86,62,19,3,2,26,68,115,23,3,0.227,0.359,0.309,1B/OF,
H\xc3\xa9ctor Rodr\xc3\xadgue,22,699302,"AA,AAA",CIN,"CIN (AA,AAA)",768,695,122,193,132,29,6,26,86,61,118,18,8,0.278,0.337,0.449,OF,
Pedro Ram\xc3\xadre,22,699393,"AA,AAA",CHC,"CHC (AA,AAA)",740,656,102,187,134,31,5,17,112,63,115,43,12,0.285,0.355,0.425,2B/3B,
Bryant Betancour,22,700164,"AA,AAA",COL,"COL (AA,AAA)",476,422,51,101,68,18,0,15,58,46,91,4,1,0.239,0.314,0.389,C/1B,
Derlin Figuero,22,700283,"A,A+",KCR,"KCR (A,A+)",592,515,78,127,89,23,3,12,65,64,131,27,6,0.247,0.331,0.373,1B/3B,
Andy Pere,22,700321,"A,A+,AA",COL,"COL (A,A+,AA)",665,620,89,174,121,39,3,11,81,29,109,32,9,0.281,0.318,0.406,SS,
Adrian De Leo,22,700369,"A,A+,AA",ARI,"ARI (A,A+,AA)",367,301,28,48,32,13,0,3,31,47,118,3,1,0.159,0.285,0.233,C,
Luis Pin,22,700720,A,STL,STL (A),477,401,52,80,50,19,2,9,47,58,153,9,4,0.2,0.319,0.324,OF,
Willy Monter,21,701206,"A,CPX",NYY,"NYY (A,CPX)",346,318,27,76,64,7,1,4,43,25,85,9,4,0.239,0.295,0.305,OF,
Jorge Rui,22,702409,"A,A+",LAA,"LAA (A,A+)",651,571,88,156,119,29,6,2,60,54,115,25,10,0.273,0.343,0.356,OF,
Allan Castr,23,691369,"AA,AAA",BOS,"BOS (AA,AAA)",530,468,60,115,79,22,2,12,60,56,119,23,4,0.246,0.326,0.378,OF,
Johan Macia,23,691571,"A,A+",LAA,"LAA (A,A+)",588,509,84,130,100,21,7,2,61,48,87,18,5,0.255,0.329,0.336,2B,
Cesar Quinta,23,692364,A,SEA,SEA (A),488,412,63,108,66,30,4,8,69,45,114,15,4,0.262,0.371,0.413,OF,
Daniel Vazque,22,694187,"A+,AA,CPX",KCR,"KCR (A+,AA,CPX)",646,566,75,147,110,29,5,3,66,66,142,35,9,0.26,0.335,0.345,SS,
Diego Velasque,22,694196,AA,SFG,SFG (AA),674,556,84,142,111,25,1,5,46,87,104,26,6,0.255,0.366,0.331,2B/SS,
Eddy Rodrigue,21,699014,A,PIT,PIT (A),366,312,34,59,33,14,2,10,31,45,107,9,3,0.189,0.298,0.343,1B/OF,
Jos\xc3\xa9 Su\xc3\xa1re,21,699027,"A,A+",STL,"STL (A,A+)",474,427,70,107,77,20,3,7,44,34,143,21,9,0.251,0.316,0.361,OF,
Anyelo Encarnaci\xc3\xb3,22,699031,"A,A+",STL,"STL (A,A+)",449,384,49,85,57,15,3,10,54,58,139,22,5,0.221,0.333,0.354,2B/SS,
Ahbram Liend,22,699157,AA,BOS,BOS (AA),558,490,66,111,89,14,4,4,40,57,143,47,10,0.227,0.309,0.296,2B/3B,
Ricardo Cov,22,699698,A,SEA,SEA (A),526,478,84,130,84,32,3,11,75,28,99,36,9,0.272,0.322,0.421,OF,
Hans Monter,22,694215,A,NYY,NYY (A),452,387,61,104,68,19,6,11,68,54,144,36,9,0.269,0.366,0.434,3B/SS,
Luis Suisbe,23,692044,A+,SEA,SEA (A+),612,525,77,110,63,20,1,26,85,60,164,10,4,0.21,0.311,0.4,1B/3B,
Edward Dura,22,698927,"A,A+,CPX",TOR,"TOR (A,A+,CPX)",450,393,56,104,76,15,5,8,47,43,95,7,4,0.265,0.351,0.389,C,
Carlos Jorg,22,699115,"A+,AA",CIN,"CIN (A+,AA)",577,500,85,133,101,16,6,10,53,63,107,49,8,0.266,0.356,0.382,2B/OF,
Spencer Packar,28,689070,"A+,AAA",SEA,"SEA (A+,AAA)",509,424,62,118,83,24,1,10,77,68,65,1,0,0.278,0.393,0.41,OF,
Marcos Casta\xc3\xb1o,27,676203,"AA,AAA",SDP,"SDP (AA,AAA)",604,544,72,147,95,31,2,19,90,48,135,4,4,0.27,0.336,0.439,2B/3B,
Max Ferguso,26,681132,"AA,AAA",BOS,"BOS (AA,AAA)",550,467,64,102,69,18,1,14,56,74,126,39,9,0.218,0.328,0.351,2B/OF,
Raylin Heredi,22,699712,"A+,AA,CPX",PHI,"PHI (A+,AA,CPX)",357,329,54,95,57,23,2,13,59,16,96,10,2,0.289,0.329,0.489,OF,
Miguel Blei,22,694194,"A+,AA",BOS,"BOS (A+,AA)",545,489,69,107,67,23,1,16,61,50,136,32,8,0.219,0.297,0.368,OF,
Tyler McDonoug,27,694812,"AA,AAA",BOS,"BOS (AA,AAA)",413,360,47,86,59,17,2,8,34,44,110,15,5,0.239,0.331,0.364,2B/OF,
Mike Antic,28,690443,AAA,STL,STL (AAA),403,346,54,92,61,22,2,7,57,44,102,21,4,0.266,0.353,0.402,OF,
Abimelec Orti,24,694673,"AA,AAA",TEX,"TEX (AA,AAA)",686,586,105,149,84,34,3,28,111,82,145,4,3,0.254,0.359,0.466,1B,
Tyler Hardma,27,676205,AA,NYY,NYY (AA),586,531,76,129,62,33,5,29,95,51,180,14,3,0.243,0.312,0.488,1B/3B,
Chris Meyer,27,680273,"A,AA",DET,"DET (A,AA)",430,366,56,95,61,21,3,10,51,52,89,3,1,0.26,0.365,0.415,1B/OF,
Caleb Robert,26,681134,AA,ARI,ARI (AA),441,382,58,91,57,21,3,10,59,46,105,8,3,0.238,0.329,0.387,C/OF,
Austin Mur,27,689456,"A+,AA,AAA",DET,"DET (A+,AA,AAA)",450,385,61,106,65,25,4,12,63,50,92,17,3,0.275,0.365,0.455,1B/OF,
Izaac Pachec,23,691789,"A+,AA",DET,"DET (A+,AA)",545,445,79,105,54,28,4,19,79,89,172,3,0,0.236,0.361,0.445,3B,
Justice Bigbi,27,694425,"AA,AAA",DET,"DET (AA,AAA)",589,524,77,153,116,24,0,13,88,53,96,3,5,0.292,0.36,0.412,OF,
Ben Malger,26,701162,"A+,AA,AAA",DET,"DET (A+,AA,AAA)",470,408,76,120,70,28,9,13,54,46,91,9,4,0.294,0.374,0.502,OF,
Ben Cowle,26,701496,AAA,CHC,CHC (AAA),621,560,74,132,82,35,4,11,58,49,172,22,9,0.236,0.306,0.371,2B/SS,
Noah Mendlinge,25,702331,"AA,AAA",STL,"STL (AA,AAA)",597,493,83,134,103,25,3,3,46,72,57,13,9,0.272,0.385,0.353,2B/3B/OF,
Jack Roger,27,679788,"AA,AAA",CIN,"CIN (AA,AAA)",437,380,39,90,65,19,2,4,57,48,131,5,3,0.237,0.324,0.329,1B/OF,
Joshua B\xc3\xa1e,23,695491,"A+,AA,AAA",STL,"STL (A+,AA,AAA)",655,558,100,153,92,29,4,28,102,70,154,61,10,0.274,0.367,0.491,OF,
Alex Binela,26,681323,"AA,AAA",PHI,"PHI (AA,AAA)",427,355,62,96,61,14,1,20,68,61,121,3,1,0.27,0.382,0.485,1B/3B,
Wes Clark,25,682265,"AA,AAA",HOU,"HOU (AA,AAA)",465,363,57,81,50,12,1,18,48,95,110,3,1,0.223,0.381,0.41,C/1B,
Ethan Murra,26,696140,"AA,AAA",MIL,"MIL (AA,AAA)",464,392,68,93,66,15,1,11,53,58,118,17,1,0.237,0.343,0.365,2B/SS,
Ruben Ibarr,27,702140,AA,CIN,CIN (AA),521,437,61,101,56,22,0,23,85,60,138,0,0,0.231,0.344,0.439,1B,
Luke Waddel,27,680672,"A+,AA,AAA,CPX",ATL,"ATL (A+,AA,AAA,CPX)",555,471,64,123,90,28,1,4,49,71,65,13,5,0.261,0.363,0.35,2B/SS,
Riley Tirott,27,694661,AAA,TOR,TOR (AAA),588,509,82,128,87,22,2,17,76,70,180,17,3,0.251,0.349,0.403,1B/3B,
Cal Conle,26,695462,"AA,AAA",ATL,"ATL (AA,AAA)",606,547,67,116,90,16,5,5,43,45,128,25,7,0.212,0.278,0.287,2B/SS,
Wyatt Youn,26,696281,AA,NYM,NYM (AA),442,365,50,86,72,11,1,2,34,66,94,12,4,0.236,0.349,0.288,2B/SS,
Peyton Wilso,26,686523,"AA,AAA",KCR,"KCR (AA,AAA)",457,391,53,103,69,24,5,5,51,55,116,22,4,0.263,0.36,0.389,2B/OF,
Austin Gauthie,27,702789,AAA,LAD,LAD (AAA),611,488,89,125,91,25,3,6,58,113,123,12,1,0.256,0.396,0.357,2B,
Wilfredo Lar,22,702906,"A,A+,CPX",MIA,"MIA (A,A+,CPX)",408,345,48,63,38,14,5,6,44,52,96,23,8,0.183,0.292,0.304,3B,
Nic Ken,26,684715,"AA,AAA",COL,"COL (AA,AAA)",419,367,43,81,59,15,3,4,50,36,91,7,1,0.221,0.305,0.311,2B/SS,
John Rhode,24,687981,AA,LAD,LAD (AA),430,368,45,72,53,11,1,7,40,54,111,9,3,0.196,0.307,0.288,1B/OF,
Cameron Caule,23,695508,"AA,AAA",TEX,"TEX (AA,AAA)",656,570,97,141,87,29,7,18,61,74,161,38,7,0.247,0.334,0.418,2B/SS,
Benny Montgomer,23,695603,AA,COL,COL (AA),428,387,42,80,64,8,1,7,47,36,155,6,5,0.207,0.276,0.287,OF,
Ian Molle,23,695744,AA,TEX,TEX (AA),381,330,44,70,50,13,0,7,45,46,116,8,2,0.212,0.311,0.315,C,
Garrett Spai,25,696521,"AA,AAA",MIL,"MIL (AA,AAA)",652,573,87,124,68,25,6,25,86,57,176,14,8,0.216,0.298,0.412,OF,
Josue Gonzale,22,700648,"A,A+",NYY,"NYY (A,A+)",352,287,48,50,27,13,3,7,32,49,83,16,3,0.174,0.31,0.314,C/1B,
Damon Keit,26,701618,AA,LAD,LAD (AA),464,407,62,101,59,23,3,16,66,43,138,13,6,0.248,0.323,0.437,OF,
Reed Trimbl,26,701655,"A,A+,AA,AAA,CPX",BAL,"BAL (A,A+,AA,AAA,CPX)",405,352,71,91,50,14,4,23,60,39,97,22,0,0.259,0.342,0.517,OF,
Juan Benjami,23,691405,"A+,AA,AAA",CLE,"CLE (A+,AA,AAA)",430,371,60,96,66,24,1,5,48,49,84,22,3,0.259,0.347,0.369,2B/3B,
Adam Zebrowsk,25,700845,"AA,AAA",ATL,"ATL (AA,AAA)",440,400,42,95,67,13,0,15,55,32,140,4,1,0.238,0.302,0.382,C,
Drew Swif,27,669439,"AA,AAA",OAK,"OAK (AA,AAA)",594,518,79,131,106,20,3,2,57,65,154,22,4,0.253,0.337,0.315,SS,
Shane McGuir,27,676063,"AA,AAA",OAK,"OAK (AA,AAA)",436,364,54,98,71,18,0,9,54,62,93,8,4,0.269,0.385,0.393,C/1B,
BJ Murra,26,681230,"AA,AAA",CHC,"CHC (AA,AAA)",684,570,82,148,95,26,1,26,111,101,131,25,9,0.26,0.373,0.446,1B/3B,
James Trianto,23,701649,"A+,AAA",CHC,"CHC (A+,AAA)",622,572,97,153,109,31,2,11,70,41,92,39,12,0.267,0.318,0.386,2B/3B,
Dru Bake,26,681333,"AAA,CPX",TBR,"TBR (AAA,CPX)",452,402,60,99,75,9,4,11,41,36,125,21,9,0.246,0.321,0.371,OF,
Braiden War,27,685274,"AA,AAA",COL,"COL (AA,AAA)",466,377,94,109,80,21,5,3,47,49,76,77,10,0.289,0.412,0.395,OF,
JT Schwart,26,681286,"A,AA",NYM,"NYM (A,AA)",417,352,36,70,42,22,1,5,42,48,80,1,3,0.199,0.305,0.31,1B,
Tyler Whitake,23,696264,"A+,AA",HOU,"HOU (A+,AA)",488,405,54,84,52,23,4,5,54,67,160,24,5,0.207,0.33,0.321,OF,
Jose Torre,26,686958,"AA,AAA",COL,"COL (AA,AAA)",491,439,65,102,62,19,2,19,63,41,158,15,4,0.232,0.301,0.415,SS,
Nathan Hicke,26,687208,AAA,BOS,BOS (AAA),561,488,52,112,67,24,2,19,80,65,151,2,0,0.23,0.321,0.404,C/1B,
Jay Allen I,23,695481,AA,CIN,CIN (AA),605,528,71,123,85,25,4,9,68,54,147,26,11,0.233,0.319,0.347,OF,
Brennon McNai,22,695707,A,KCR,KCR (A),368,322,41,63,35,16,3,9,37,36,106,12,3,0.196,0.29,0.348,3B/OF,
Carlos Colmenare,22,694181,"A+,AAA,CPX",TBR,"TBR (A+,AAA,CPX)",374,313,49,67,49,9,1,8,37,47,137,7,3,0.214,0.335,0.326,3B/SS,
Jakey Joseph,22,699228,"A,CPX",ARI,"ARI (A,CPX)",456,383,71,96,66,19,4,7,46,61,114,32,5,0.251,0.355,0.376,OF,
Christian Frankli,26,681047,AAA,CHC,CHC (AAA),700,580,99,158,110,28,5,15,75,106,147,27,11,0.272,0.394,0.416,OF,
Noah Mille,23,695653,"AA,AAA,CPX",LAD,"LAD (AA,AAA,CPX)",554,497,67,130,97,21,4,8,74,46,97,3,0,0.262,0.321,0.368,SS,
Kahlil Watso,23,696135,"AA,AAA",CLE,"CLE (AA,AAA)",589,495,82,127,70,27,7,23,86,78,164,31,11,0.257,0.366,0.479,SS/OF,
Branden Boissier,26,680998,"A+,AA",WSN,"WSN (A+,AA)",562,496,61,135,86,31,5,13,80,51,139,3,1,0.272,0.343,0.433,1B,
Kyler Fedk,26,693459,"AA,AAA",MIN,"MIN (AA,AAA)",687,586,111,152,85,29,2,36,109,87,152,43,10,0.259,0.36,0.5,OF,
Creed Willem,23,695735,"AA,AAA",BAL,"BAL (AA,AAA)",574,497,61,129,81,23,1,24,81,54,118,1,2,0.26,0.348,0.455,C/1B,
Edwin Arroy,22,695490,"AA,AAA",CIN,"CIN (AA,AAA)",712,625,96,187,137,31,8,11,73,57,117,17,7,0.299,0.361,0.427,SS,
Lonnie White Jr,23,696145,"A+,AA",PIT,"PIT (A+,AA)",470,400,82,97,59,16,2,20,61,56,153,34,7,0.242,0.35,0.442,OF,
Anthony Vila,27,681036,"AA,AAA",SDP,"SDP (AA,AAA)",446,385,48,86,60,16,3,7,39,53,120,12,5,0.223,0.32,0.335,C,
Aaron Zaval,26,701648,"AA,AAA",TEX,"TEX (AA,AAA)",664,560,92,140,88,29,5,18,83,87,192,13,6,0.25,0.356,0.416,OF,
T.J. Whit,22,695604,A+,WSN,WSN (A+),545,470,48,112,79,19,2,12,56,63,138,14,3,0.238,0.331,0.364,OF,
Jake Fo,23,695780,AA,CLE,CLE (AA),419,340,54,75,52,13,7,3,43,72,89,16,5,0.221,0.353,0.326,OF,
Jake Rucke,26,696160,AA,MIN,MIN (AA),417,365,48,82,56,13,3,10,47,42,60,12,4,0.225,0.309,0.359,2B/3B,
Gavin Conticell,23,695521,AA,ARI,ARI (AA),643,553,80,146,95,33,5,13,77,74,137,6,6,0.264,0.361,0.412,3B/OF,
Ryan Spike,23,691797,"A+,AA,AAA",TBR,"TBR (A+,AA,AAA)",417,386,51,92,62,13,3,14,54,21,123,23,9,0.238,0.288,0.396,2B/3B/OF,
Cooper Kinne,23,695692,"AA,AAA",TBR,"TBR (AA,AAA)",623,565,73,143,93,29,4,17,79,50,155,0,3,0.253,0.316,0.409,2B,
Christian Oliv,22,700840,"A,A+",CHC,"CHC (A,A+)",462,381,69,90,61,21,1,7,57,67,85,32,10,0.236,0.366,0.352,OF,
Anthony Scul,22,703430,A+,LAA,LAA (A+),601,539,76,140,95,25,0,20,66,43,142,5,7,0.26,0.325,0.417,OF,
Dyan Jorg,23,694170,AA,COL,COL (AA),589,520,60,109,91,15,1,2,37,59,127,32,12,0.21,0.295,0.254,SS,
Daniel Guilart,22,694206,A+,MIL,MIL (A+),362,312,37,49,41,6,1,1,22,41,124,17,11,0.157,0.255,0.192,2B/SS,
Rosman Verdug,21,698916,A+,SDP,SDP (A+),612,509,75,105,68,16,3,18,58,85,183,7,6,0.206,0.332,0.356,2B/3B/SS,
Keiner Delgad,22,700731,"A+,AA",PIT,"PIT (A+,AA)",620,508,82,127,87,23,1,16,73,94,131,28,3,0.25,0.379,0.394,2B/SS,
Jace Avin,23,701778,"A+,AA",NYY,"NYY (A+,AA)",555,472,80,121,68,33,0,20,71,61,148,8,3,0.256,0.353,0.453,OF,
Jaison Chouri,21,702693,"A+,AA,CPX",CLE,"CLE (A+,AA,CPX)",489,396,60,99,80,14,1,4,33,89,106,20,11,0.25,0.387,0.321,OF,
Cristhian Vaquer,21,703143,"A,A+",WSN,"WSN (A,A+)",501,427,62,108,79,13,8,8,48,52,126,31,5,0.253,0.339,0.377,OF,
Anthony Gutierre,21,703152,A+,TEX,TEX (A+),382,338,53,87,70,15,0,2,28,31,80,48,9,0.257,0.332,0.32,OF,
Samuel Muno,21,703153,"A,A+",LAD,"LAD (A,A+)",601,502,77,116,79,19,6,12,77,85,130,23,9,0.231,0.343,0.365,OF,
Yordany De Los Santo,21,703154,"A,A+",PIT,"PIT (A,A+)",566,511,70,126,82,27,2,15,66,43,151,56,14,0.247,0.306,0.395,SS,
Lazaro Monte,21,703155,"A+,AA",SEA,"SEA (A+,AA)",725,607,100,144,72,25,8,39,110,105,212,10,5,0.237,0.354,0.498,OF,
Javier Osori,21,703157,"A,CPX",DET,"DET (A,CPX)",235,205,38,57,37,14,0,6,37,16,62,35,6,0.278,0.356,0.434,3B/SS,
Jonathan Mej\xc3\xad,21,703158,A,STL,STL (A),456,381,58,71,43,9,8,11,51,67,144,22,9,0.186,0.312,0.339,2B/SS,
Simon Jua,20,703159,A,NYM,NYM (A),474,432,54,93,65,16,3,9,63,32,148,20,6,0.215,0.276,0.329,OF,
Alexis Hernande,21,703161,"A,A+,CPX",CHC,"CHC (A,A+,CPX)",387,336,52,78,54,18,4,2,33,43,90,27,8,0.232,0.321,0.327,2B/SS,
Freili Encarnacio,21,703175,"A,A+",BOS,"BOS (A,A+)",571,512,80,122,69,27,2,24,78,37,142,11,4,0.238,0.313,0.439,1B/3B,
Jhonny Severin,21,703177,"A,A+",PIT,"PIT (A,A+)",589,538,65,120,74,27,2,17,71,37,150,14,8,0.223,0.28,0.375,3B/SS,
Braylin Taver,21,703178,"A,A+",BAL,"BAL (A,A+)",550,464,66,109,80,17,3,9,56,71,175,29,11,0.235,0.345,0.343,OF,
Nelson Rad,20,703185,"AA,AAA",LAA,"LAA (AA,AAA)",747,617,108,173,142,22,6,3,52,96,146,64,19,0.28,0.389,0.35,OF,
Randy De Jesu,21,703194,A+,LAA,LAA (A+),610,524,57,101,62,17,1,21,74,69,210,3,2,0.193,0.296,0.349,OF,
Bryan Acu\xc3\xb1,20,703195,"A,CPX",MIN,"MIN (A,CPX)",358,296,47,75,66,8,0,1,31,55,96,14,6,0.253,0.377,0.291,3B/SS,
Michael Arroy,21,703197,"A+,AA",SEA,"SEA (A+,AA)",709,586,92,152,101,29,1,21,73,80,139,17,6,0.259,0.384,0.42,2B,
Kenni Gome,21,703198,"A,A+",HOU,"HOU (A,A+)",406,377,39,87,60,19,2,6,49,24,112,24,8,0.231,0.276,0.34,OF,
Henry Ramo,21,703201,"A,CPX",KCR,"KCR (A,CPX)",434,371,54,87,66,14,5,2,30,50,95,32,13,0.235,0.328,0.315,OF,
Leandro Aria,21,703202,A+,BAL,BAL (A+),399,331,46,72,59,9,1,3,36,50,72,7,7,0.218,0.333,0.278,SS,
Martin Gonzale,21,703203,CPX,SEA,SEA (CPX),245,198,28,41,26,10,2,3,29,35,75,7,2,0.207,0.332,0.323,3B,
Esmith Pined,21,703204,"A,A+",CIN,"CIN (A,A+)",546,471,63,119,84,26,1,8,67,49,121,3,3,0.253,0.333,0.363,OF,
Edwin Sanche,21,703405,"CPX,DSL",LAD,"LAD (CPX,DSL)",213,139,33,32,16,10,0,6,28,61,39,12,4,0.23,0.484,0.432,1B/OF,
David Beckle,22,703924,"A,CPX",TOR,"TOR (A,CPX)",372,317,51,83,57,16,1,9,50,47,101,2,1,0.262,0.366,0.404,1B/OF,
Modeifi Mart,23,800029,"A,A+",ARI,"ARI (A,A+)",525,477,53,131,96,29,2,4,63,40,84,11,4,0.275,0.333,0.369,1B,
Marcos Torre,21,800106,A,TEX,TEX (A),446,379,67,93,59,15,7,12,58,54,113,35,5,0.245,0.344,0.417,1B/OF,
Kendry Chirino,21,800140,"A,A+",TOR,"TOR (A,A+)",450,381,49,95,68,15,4,8,51,55,124,0,1,0.249,0.353,0.373,1B/3B,
Ronny Ugart,21,800164,"CPX,DSL",COL,"COL (CPX,DSL)",269,234,44,80,52,22,0,6,78,31,44,3,1,0.342,0.42,0.513,1B,
Aroon Escoba,21,800169,"A,A+,AA",PHI,"PHI (A,A+,AA)",684,586,100,156,114,19,5,18,82,72,122,34,5,0.266,0.357,0.408,2B,
Angel Mat,21,800171,"A,CPX",PHI,"PHI (A,CPX)",193,170,15,30,19,10,0,1,23,18,43,0,0,0.176,0.266,0.253,C,
Carlos Sanche,21,800176,"A,A+",CIN,"CIN (A,A+)",641,544,95,156,108,30,8,10,74,87,148,32,18,0.287,0.386,0.426,3B/SS,
Bryan Andrad,21,800182,"A,CPX",OAK,"OAK (A,CPX)",368,317,47,83,64,9,7,3,57,43,68,7,0,0.262,0.351,0.363,3B,
Ruben Santan,21,800185,"A,A+",ARI,"ARI (A,A+)",472,407,50,85,58,18,1,8,57,52,134,17,4,0.209,0.311,0.317,1B/3B,
Dario Laverd,20,800188,"A,A+",LAA,"LAA (A,A+)",414,373,39,80,61,13,2,4,40,31,91,0,0,0.214,0.289,0.292,C,
Kelvin Hidalg,21,800193,"A,A+",COL,"COL (A,A+)",623,558,77,133,95,25,6,7,61,42,159,46,8,0.238,0.299,0.342,3B/SS,
Capri Orti,21,800194,A+,LAA,LAA (A+),532,471,65,108,83,15,4,6,52,43,117,38,8,0.229,0.304,0.316,SS,
Derek Bernar,20,800204,"A,CPX",COL,"COL (A,CPX)",453,395,78,123,83,27,1,12,58,50,112,20,9,0.311,0.392,0.476,2B/OF,
Yerald Ni,20,800206,"A,A+",ARI,"ARI (A,A+)",591,515,73,124,103,14,5,2,51,59,137,44,15,0.241,0.321,0.299,2B/SS,
Axiel Pla,20,800208,"A,A+",PIT,"PIT (A,A+)",400,348,47,92,59,19,0,14,71,34,79,4,0,0.264,0.346,0.44,C/1B,
Luis Bae,22,800232,"AA,CPX",HOU,"HOU (AA,CPX)",376,344,37,80,58,18,2,2,34,28,94,9,4,0.233,0.29,0.314,OF,
Engelth Uren,21,800246,"A,A+",NYY,"NYY (A,A+)",616,509,81,99,65,23,1,10,57,89,123,12,5,0.194,0.325,0.303,C,
Natanael Yute,21,800256,"A,A+",BOS,"BOS (A,A+)",439,399,49,102,68,23,5,6,47,28,116,10,6,0.256,0.312,0.383,OF,
Yonatan Henrique,21,800257,"A,A+",NYM,"NYM (A,A+)",481,415,67,102,69,21,3,9,54,61,98,36,8,0.246,0.34,0.376,3B/OF,
Yordalin Pe\xc3\xb1,21,800266,A,STL,STL (A),516,461,67,105,66,27,5,7,51,40,141,25,10,0.228,0.295,0.354,OF,
Manolfi Jimene,21,800272,"A,CPX",PHI,"PHI (A,CPX)",358,321,46,84,55,19,5,5,34,21,75,6,7,0.262,0.314,0.399,OF,
Roynier Hernande,21,800281,"A,A+,CPX",COL,"COL (A,A+,CPX)",449,396,51,116,95,13,6,2,54,45,71,8,6,0.293,0.365,0.371,2B,
Mairoshendrick Martinu,21,800302,"A,A+",LAD,"LAD (A,A+)",549,489,75,125,90,23,4,8,79,48,148,33,7,0.256,0.324,0.368,3B/OF,
Jes\xc3\xbas  B\xc3\xa1e,21,800305,"A,A+",STL,"STL (A,A+)",569,503,76,120,85,17,0,18,76,55,95,14,7,0.239,0.315,0.38,SS,
Jansel Lui,21,800306,"A+,AA,CPX",ARI,"ARI (A+,AA,CPX)",605,552,79,163,117,28,9,9,86,34,112,34,8,0.295,0.331,0.428,2B/SS,
Luis Lar,21,800325,"AA,AAA",MIL,"MIL (AA,AAA)",784,660,115,182,133,36,4,9,62,109,120,59,11,0.276,0.384,0.383,OF,
Victor Rodrigue,21,800332,"A,A+",LAD,"LAD (A,A+)",393,309,65,83,71,9,1,2,47,74,55,11,2,0.269,0.42,0.324,C,
Juan Bae,21,800345,A+,MIL,MIL (A+),537,470,51,93,83,8,1,1,38,57,66,6,2,0.198,0.287,0.226,3B,
Edwin Ampar,21,800348,"A,A+,CPX",BAL,"BAL (A,A+,CPX)",453,381,40,73,49,14,4,6,42,65,147,47,18,0.192,0.317,0.297,2B/SS,
Esteban Meji,21,800354,"A,A+",TEX,"TEX (A,A+)",391,333,43,77,61,8,2,6,51,52,87,15,8,0.231,0.34,0.321,3B,
Ricardo Gonzale,21,800357,"A,A+",TBR,"TBR (A,A+)",476,409,49,96,81,12,2,1,42,56,90,25,9,0.235,0.331,0.281,SS,
Eduardo Guerrer,21,800370,"A,A+,AA",LAD,"LAD (A,A+,AA)",505,408,76,95,74,14,4,3,54,85,93,16,9,0.233,0.371,0.309,2B/SS,
Angel Mate,21,800377,"A,A+",TBR,"TBR (A,A+)",564,500,62,129,95,24,1,9,84,43,110,19,8,0.258,0.328,0.364,OF,
Fernando Peguer,21,800387,"A,A+,AA,AAA",BAL,"BAL (A,A+,AA,AAA)",424,364,39,75,62,8,2,3,31,47,105,37,3,0.206,0.302,0.264,2B/OF,
Yeremy Cabrer,20,800393,"A,A+",TEX,"TEX (A,A+)",603,502,97,137,95,22,5,15,74,82,124,61,7,0.273,0.389,0.426,OF,
Aron Estrad,21,800406,"A+,AA",BAL,"BAL (A+,AA)",565,501,65,138,98,19,8,13,64,50,100,34,8,0.275,0.346,0.423,2B,
Jeral Pere,21,800419,"A+,AA",CHW,"CHW (A+,AA)",671,598,78,138,81,29,4,24,81,57,147,14,3,0.231,0.307,0.413,2B,
Marvin Alcantar,21,800421,"A+,AA",BOS,"BOS (A+,AA)",610,547,56,126,94,24,2,6,54,53,103,12,6,0.23,0.297,0.314,2B/SS,
Raylin Ramo,21,800426,A,BAL,BAL (A),477,426,53,105,80,15,5,5,60,36,120,17,8,0.246,0.316,0.34,OF,
Jose Alpuri,21,800434,"A,CPX",ARI,"ARI (A,CPX)",434,358,58,73,46,17,2,8,49,44,123,28,8,0.204,0.329,0.33,OF,
Narciso Polanc,21,800440,"A,A+",TBR,"TBR (A,A+)",642,539,101,117,84,19,7,7,52,85,108,42,16,0.217,0.331,0.317,2B/3B,
Echedry Varga,21,800448,"A,A+",MIA,"MIA (A,A+)",385,353,45,75,53,13,2,7,35,24,98,10,2,0.212,0.271,0.32,SS,
Thomas Sos,21,800449,"A,A+,AA",BAL,"BAL (A,A+,AA)",397,357,39,77,44,19,3,11,57,31,97,5,5,0.216,0.29,0.378,OF,
Jefferson Roja,21,800473,"A+,AA",CHC,"CHC (A+,AA)",571,486,78,114,70,25,4,15,77,70,106,20,4,0.235,0.339,0.395,SS,
Roni Cabrer,20,800492,"A,CPX",KCR,"KCR (A,CPX)",351,301,61,72,45,14,4,9,47,36,106,25,11,0.239,0.332,0.402,OF,
Josue Brice\xc3\xb1,20,800522,"A+,AA",DET,"DET (A+,AA)",442,364,60,97,55,19,3,20,76,66,87,1,1,0.266,0.383,0.5,C/1B,
Josue De Paul,21,800543,"A+,AA",LAD,"LAD (A+,AA)",597,486,88,125,86,22,1,16,72,107,113,42,10,0.257,0.394,0.405,OF,
Alberto Barrig,21,800569,"A,A+",ARI,"ARI (A,A+)",496,415,60,90,57,23,1,9,43,63,139,20,4,0.217,0.336,0.342,C,
Luis Fria,21,801263,"CPX,DSL",SFG,"SFG (CPX,DSL)",204,180,35,52,41,7,3,1,28,15,47,15,3,0.289,0.343,0.378,OF,
Robert Pere,21,801265,DSL,MIA,MIA (DSL),153,128,32,34,16,10,1,7,30,18,48,15,5,0.266,0.359,0.523,OF,
Juan Matheu,22,801276,"A,A+",NYY,"NYY (A,A+)",660,564,84,150,100,38,4,8,79,82,121,46,12,0.266,0.358,0.39,3B/SS,
Chris Suer,22,801523,"A+,AA",NYM,"NYM (A+,AA)",586,462,92,102,59,20,2,21,82,92,175,42,10,0.221,0.374,0.409,C,
Ryan Burrowe,21,802018,"A,A+",CHW,"CHW (A,A+)",551,476,80,124,88,26,3,7,50,52,137,57,10,0.261,0.35,0.372,2B/SS,
Manuel Germa,21,802091,CPX,KCR,KCR (CPX),176,164,26,44,27,7,4,6,33,7,50,1,2,0.268,0.312,0.47,1B,
Jose Escoba,21,803241,A,CHC,CHC (A),586,510,72,142,109,25,1,7,68,61,112,14,10,0.278,0.365,0.373,2B/OF,
Marco Varga,21,804614,"A,A+,AA",NYM,"NYM (A,A+,AA)",541,465,65,117,95,14,6,2,57,70,110,49,8,0.252,0.349,0.32,2B/SS,
Erick Torre,21,805075,A+,KCR,KCR (A+),525,469,47,111,89,18,2,2,42,35,86,18,11,0.237,0.297,0.296,OF,
Ronny Hernande,21,805082,"A,A+",CHW,"CHW (A,A+)",372,320,38,82,62,13,1,6,36,49,76,4,0,0.256,0.352,0.359,C,
Byron Chouri,21,805102,"A,CPX",MIN,"MIN (A,CPX)",341,278,39,59,51,5,1,2,18,55,74,21,6,0.212,0.355,0.259,OF,
Jose Monserrat,21,805104,"A,CPX",MIA,"MIA (A,CPX)",242,202,31,41,31,8,1,1,15,33,59,28,1,0.203,0.322,0.267,OF,
Jean Carlos Si,22,805117,"A,A+,CPX",SFG,"SFG (A,A+,CPX)",532,461,94,138,103,23,3,9,76,58,75,18,7,0.299,0.39,0.421,2B,
Cristofer Tori,21,800198,"A+,AA",ARI,"ARI (A+,AA)",699,599,101,166,123,30,4,9,71,83,103,19,9,0.277,0.37,0.386,2B/SS,
Jeffry Ros,20,800251,CPX,NYM,NYM (CPX),147,128,19,23,12,7,0,4,10,10,43,0,1,0.18,0.279,0.328,OF,
Jeffrey Mercede,21,800253,"A,A+",CLE,"CLE (A,A+)",415,368,35,80,55,15,3,7,54,34,86,7,3,0.217,0.29,0.332,2B/3B,
Abrahan Ramire,21,800254,A,MIA,MIA (A),500,412,56,101,74,23,1,3,64,80,108,22,11,0.245,0.372,0.328,2B/3B,
Samuel Gi,21,800510,"A,A+",DET,"DET (A,A+)",490,411,64,95,75,17,2,1,38,70,72,17,2,0.231,0.353,0.29,2B/SS,
Alejandro Nune,21,805168,A+,HOU,HOU (A+),518,468,58,122,83,23,2,14,58,31,118,24,13,0.261,0.309,0.408,2B/SS,
Ricardo Hurtad,23,691452,"A,A+",DET,"DET (A,A+)",465,401,58,97,64,21,0,12,77,53,120,1,0,0.242,0.341,0.384,C,
Deivis Mosquer,20,805108,DSL,MIA,MIA (DSL),163,132,20,33,27,4,1,1,21,21,38,9,3,0.25,0.387,0.318,OF,
Dervy Ventur,22,805319,A,SEA,SEA (A),585,491,82,134,99,27,3,5,59,81,136,51,10,0.273,0.374,0.371,2B,
Griffin Lockwood-Powel,28,674976,AA,LAD,LAD (AA),427,354,49,84,60,14,1,9,40,67,90,0,0,0.237,0.363,0.359,C/1B,
Abdias De La Cru,21,703192,A,ARI,ARI (A),518,449,48,103,71,25,5,2,47,54,127,12,3,0.229,0.315,0.321,SS/OF,
Jorgelys Mot,21,800195,"A,A+",WSN,"WSN (A,A+)",349,313,36,85,59,17,3,6,47,28,107,27,7,0.272,0.347,0.403,3B,
Elis Cueva,21,800433,"A,A+,CPX",BAL,"BAL (A,A+,CPX)",438,377,61,82,60,12,1,9,46,43,102,42,6,0.218,0.318,0.326,1B/OF,
Won-Bin Ch,22,800231,"A,A+",STL,"STL (A,A+)",510,432,74,103,69,22,0,12,76,72,128,39,6,0.238,0.352,0.373,OF,
Larry Martine,20,800371,A,TBR,TBR (A),364,338,33,84,72,11,0,1,30,17,58,4,0,0.249,0.298,0.29,1B,
Yasser Mercede,21,703160,"A,A+,CPX",MIN,"MIN (A,A+,CPX)",546,460,78,102,62,21,2,17,73,75,132,49,5,0.222,0.333,0.387,OF,
Athanael Duart,21,805744,"A,CPX",LAA,"LAA (A,CPX)",288,245,42,55,33,15,4,3,29,35,76,2,5,0.224,0.332,0.355,1B/3B,
Yoffry Solan,21,703200,"A,CPX",MIA,"MIA (A,CPX)",193,165,31,43,33,6,3,1,17,23,34,8,2,0.261,0.368,0.352,2B,
Roderick Aria,21,703149,"A,A+",NYY,"NYY (A,A+)",587,497,72,105,73,22,2,8,70,78,169,46,11,0.211,0.328,0.312,SS,
William Bergolla Jr,21,703151,"AA,AAA",CHW,"CHW (AA,AAA)",594,521,75,155,130,23,2,0,44,42,30,42,13,0.298,0.354,0.349,2B/SS,
Curtis Washington Jr,26,690944,"A,A+",SEA,"SEA (A,A+)",456,398,71,94,60,23,4,7,46,47,113,42,7,0.236,0.326,0.367,OF,
Jacob Berr,25,694351,AAA,MIA,MIA (AAA),603,516,77,140,92,37,1,10,70,69,103,39,12,0.271,0.364,0.405,3B/OF,
Brody Moor,25,690914,"AA,AAA",STL,"STL (AA,AAA)",505,455,61,106,84,17,1,4,58,38,97,17,1,0.233,0.296,0.301,2B/SS,
Tucker Flin,25,687272,"AA,AAA",LAA,"LAA (AA,AAA)",584,498,90,107,61,26,2,18,84,75,207,25,2,0.215,0.322,0.384,OF,
Kai Murph,25,687625,AA,SDP,SDP (AA),451,388,40,87,73,12,1,1,25,50,83,12,8,0.224,0.324,0.268,OF,
Ivan Melende,26,699471,"AA,AAA",ARI,"ARI (AA,AAA)",430,378,45,99,64,13,1,21,70,38,109,2,0,0.262,0.34,0.468,1B/3B,
Braedon Karpathio,23,701682,"A+,AA",SDP,"SDP (A+,AA)",653,561,79,136,86,28,5,17,77,89,187,10,6,0.242,0.348,0.401,OF,
Romeo Sanabri,24,703804,AA,SDP,SDP (AA),640,572,65,143,104,24,0,15,70,57,138,6,1,0.25,0.315,0.371,1B,
Ben Gobbe,26,806534,"A+,AA,AAA",LAA,"LAA (A+,AA,AAA)",544,490,70,133,81,32,1,19,75,37,117,11,4,0.271,0.339,0.457,3B,
Sean McLai,25,683169,AA,LAD,LAD (AA),510,438,60,88,65,15,3,5,42,55,121,16,5,0.201,0.311,0.283,SS,
Kevin Kilpatrick Jr,25,687201,AA,ATL,ATL (AA),440,389,49,84,69,11,2,2,32,40,108,33,13,0.216,0.298,0.27,OF,
Kyle Nevi,24,693819,"A+,AA,CPX",LAD,"LAD (A+,AA,CPX)",451,393,58,108,77,18,2,11,80,46,91,15,3,0.275,0.357,0.415,1B/3B,
Ambioris Tavare,22,694222,"A+,AA",ATL,"ATL (A+,AA)",526,448,58,92,72,12,0,8,41,65,185,26,6,0.205,0.317,0.286,2B/SS,
Adrian Rodrigue,22,703641,"A,A+",ARI,"ARI (A,A+)",418,353,47,69,54,10,2,3,32,48,107,8,5,0.195,0.302,0.261,SS,
E.J. Exposit,25,802991,"A+,AA",ATL,"ATL (A+,AA)",499,445,56,106,70,16,2,18,69,38,127,16,2,0.238,0.307,0.404,2B/SS,
Justin Jana,24,805332,A+,ATL,ATL (A+),354,313,29,79,64,9,3,3,40,22,60,10,3,0.252,0.328,0.329,1B/OF,
Javi Va,24,805834,AA,KCR,KCR (AA),468,387,70,99,79,16,1,3,31,54,43,25,3,0.256,0.36,0.326,2B/OF,
Taylor Youn,26,805891,AA,LAD,LAD (AA),575,486,79,113,90,21,0,2,41,80,91,44,9,0.233,0.348,0.288,2B/3B,
Caleb Rickett,26,681080,"A,A+,AA,AAA",PHI,"PHI (A,A+,AA,AAA)",400,379,45,95,56,27,0,12,55,19,85,1,1,0.251,0.288,0.417,C,
Matthew Woo,25,687783,"A+,AA",MIL,"MIL (A+,AA)",459,370,54,89,58,18,0,13,66,71,62,11,3,0.241,0.371,0.395,C,
Jordan Sprinkl,25,688394,"A,A+,AA",CHW,"CHW (A,A+,AA)",489,400,72,99,81,15,1,2,34,69,93,91,12,0.248,0.364,0.305,SS,
Robert Moor,24,691001,"AA,AAA",PHI,"PHI (AA,AAA)",431,371,53,77,45,21,1,10,48,46,89,9,5,0.208,0.304,0.35,2B/SS,
Tayden Hal,23,695554,"A+,AA",MIL,"MIL (A+,AA)",420,326,49,57,31,15,3,8,43,82,102,10,2,0.175,0.35,0.313,1B,
Logan Wagne,22,702488,A+,LAD,LAD (A+),659,554,104,130,72,34,2,22,97,86,174,20,5,0.235,0.347,0.422,2B/3B,
Jacob Burk,25,804240,"A+,AA",CHW,"CHW (A+,AA)",380,334,46,79,58,15,2,4,40,27,86,20,6,0.237,0.309,0.329,OF,
Collin Pric,26,805672,AAA,HOU,HOU (AAA),579,503,64,118,66,25,3,24,75,60,174,7,2,0.235,0.326,0.439,C/1B,
Jud Fabia,25,682983,"A+,AAA",BAL,"BAL (A+,AAA)",603,489,79,95,59,13,1,22,62,103,189,10,2,0.194,0.337,0.36,OF,
Adam Retzbac,25,806273,AA,BAL,BAL (AA),558,473,49,100,60,23,2,15,73,60,180,3,1,0.211,0.316,0.364,C/1B,
Skyler Messinge,27,676038,"A+,AA",COL,"COL (A+,AA)",486,435,45,106,71,24,1,10,56,28,115,13,9,0.244,0.305,0.372,1B/3B,
David McCab,26,678173,"AA,AAA",ATL,"ATL (AA,AAA)",658,564,79,153,99,29,1,24,99,86,152,3,1,0.271,0.365,0.454,3B,
Bill Knigh,26,681098,AA,SEA,SEA (AA),637,560,85,138,112,17,5,4,61,51,137,52,10,0.246,0.325,0.316,OF,
Chris Newel,25,683006,AA,LAD,LAD (AA),653,556,80,132,80,26,3,23,93,87,202,31,2,0.237,0.342,0.419,OF,
Clark Elliot,25,686499,"A+,AA",OAK,"OAK (A+,AA)",589,466,79,114,74,23,5,12,64,106,121,21,4,0.245,0.397,0.393,OF,
Brennan Milon,25,686810,"AA,AAA",OAK,"OAK (AA,AAA)",618,521,88,124,79,27,2,16,78,83,149,7,2,0.238,0.348,0.39,1B,
Silas Ardoi,25,686976,"AA,AAA",BAL,"BAL (AA,AAA)",469,383,42,83,51,21,2,9,47,74,142,5,0,0.217,0.345,0.352,C,
Nathan Martorell,25,687210,"AA,AAA",MIA,"MIA (AA,AAA)",634,545,62,105,65,23,1,16,72,76,132,13,3,0.193,0.297,0.327,1B,
Andrew Jenkin,25,687543,"A+,AA,AAA",DET,"DET (A+,AA,AAA)",533,467,74,126,82,24,4,16,87,47,129,0,0,0.27,0.351,0.441,1B,
Kody Huf,25,687627,AAA,CLE,CLE (AAA),562,493,58,122,79,28,2,13,79,58,131,4,4,0.247,0.334,0.391,C,
Gavin Cros,25,688457,"AA,AAA",KCR,"KCR (AA,AAA)",633,575,85,127,81,25,4,17,70,45,182,31,5,0.221,0.282,0.367,OF,
Peyton Graha,25,689931,"A+,AA",DET,"DET (A+,AA)",529,452,78,125,86,25,5,9,60,58,112,40,2,0.277,0.375,0.414,2B/SS,
Cayden Wallac,24,691024,AA,WSN,WSN (AA),636,564,74,141,89,29,6,17,78,54,141,20,3,0.25,0.319,0.413,3B,
Sterlin Thompso,25,694514,AAA,COL,COL (AAA),669,561,107,172,108,33,9,22,93,82,135,20,8,0.307,0.414,0.515,OF,
Blake Rambusc,26,800683,AA,SEA,SEA (AA),467,411,73,111,92,14,5,0,39,48,76,51,3,0.27,0.351,0.328,2B/OF,
Tanner Schobe,25,802355,"A,AA,AAA",MIN,"MIN (A,AA,AAA)",441,380,59,99,65,23,1,10,45,50,93,8,2,0.261,0.351,0.405,2B/3B,
Peyton William,25,805268,"A,A+,AA",TOR,"TOR (A,A+,AA)",456,396,47,94,63,19,2,10,56,51,123,0,0,0.237,0.325,0.371,1B,
Jancel Villarroe,21,806611,"A,A+,CPX",HOU,"HOU (A,A+,CPX)",469,403,56,103,72,19,3,9,58,46,84,20,7,0.256,0.348,0.385,C,
Josh Hatche,26,677049,AA,TEX,TEX (AA),376,359,35,84,63,11,1,9,51,13,106,10,5,0.234,0.261,0.345,1B/OF,
Thomas Gavell,25,687284,"A+,AA,AAA",SFG,"SFG (A+,AA,AAA)",447,383,62,91,53,20,1,17,73,39,133,9,1,0.238,0.325,0.428,2B/3B,
Tommy Sacco Jr,27,690474,"AA,AAA",HOU,"HOU (AA,AAA)",569,499,49,98,75,12,2,9,48,59,145,21,4,0.196,0.284,0.283,SS,
Ryan Cliffor,22,691775,"AA,AAA",NYM,"NYM (AA,AAA)",737,622,90,148,80,30,2,36,115,101,208,10,6,0.238,0.347,0.466,1B/OF,
Nick Cimill,26,701177,"AA,AAA",PIT,"PIT (AA,AAA)",544,478,61,113,56,30,4,23,81,55,125,5,3,0.236,0.319,0.46,1B,
Cam Collie,21,702253,"A+,AA,CPX",CIN,"CIN (A+,AA,CPX)",548,466,64,125,85,29,2,9,72,75,142,1,1,0.268,0.372,0.397,3B,
Tucker Toma,22,702283,"A,A+",TOR,"TOR (A,A+)",528,450,69,119,87,22,2,8,75,58,136,5,0,0.264,0.36,0.376,3B,
Jett William,22,702518,"AA,AAA",NYM,"NYM (AA,AAA)",753,636,120,163,96,39,8,20,72,102,167,44,10,0.256,0.363,0.437,SS,
Carter Howel,26,800765,AA,SFG,SFG (AA),439,385,41,85,58,17,3,7,32,36,95,8,4,0.221,0.304,0.335,OF,
Sammy Hernande,22,803679,"A,A+",STL,"STL (A,A+)",429,351,48,79,59,16,0,4,55,57,76,13,3,0.225,0.353,0.305,C,
Brock Jone,25,677342,"AA,AAA",TBR,"TBR (AA,AAA)",427,344,57,62,30,12,3,17,57,64,170,30,10,0.18,0.32,0.381,OF,
Mario Camillett,27,680519,"AA,AAA",CHW,"CHW (AA,AAA)",472,397,52,102,84,10,3,5,39,68,113,8,2,0.257,0.368,0.335,2B/3B,
Dom Keega,25,681371,"AAA,CPX",TBR,"TBR (AAA,CPX)",462,395,59,94,56,18,3,17,56,56,142,4,1,0.238,0.34,0.428,C,
Cade Dought,25,683103,"A,AA",TOR,"TOR (A,AA)",443,401,37,90,68,18,0,4,40,31,101,8,2,0.224,0.28,0.299,2B/3B/SS,
Cortland Lawso,26,687751,"A+,AA",WSN,"WSN (A+,AA)",443,388,38,89,69,14,0,6,37,44,109,6,4,0.229,0.311,0.312,SS,
Elijah Gree,22,701327,"A,A+,CPX",WSN,"WSN (A,A+,CPX)",479,421,65,89,54,15,3,17,49,54,201,29,2,0.211,0.305,0.382,OF,
Termarr Johnso,22,702261,"AA,AAA",PIT,"PIT (AA,AAA)",633,544,77,137,106,19,3,9,42,75,126,26,12,0.252,0.347,0.347,2B,
Mikey Romer,22,702540,"AA,AAA",BOS,"BOS (AA,AAA)",641,579,75,139,77,40,4,18,90,47,161,5,3,0.24,0.3,0.416,2B/SS,
Dylan O'Ra,22,802506,AA,MIL,MIL (AA),154,123,21,37,30,5,1,1,11,25,28,18,5,0.301,0.425,0.382,2B,
Bryan Rinco,22,804858,"A+,AA",PHI,"PHI (A+,AA)",499,416,80,86,49,20,4,13,48,70,130,54,7,0.207,0.327,0.368,SS,
Ryan McCart,27,806005,"AA,AAA",TOR,"TOR (AA,AAA)",444,385,47,84,60,17,2,5,30,48,111,9,5,0.218,0.32,0.312,2B/3B,
Josh Hoo,25,681377,AA,SEA,SEA (AA),485,444,56,87,54,18,0,15,56,37,147,22,5,0.196,0.258,0.338,3B/SS,
Maxwell Romero Jr,25,686912,AA,WSN,WSN (AA),395,343,31,75,47,18,0,10,60,35,139,1,4,0.219,0.297,0.359,C,
Nate Bae,25,686960,"A+,AA",MIN,"MIN (A+,AA)",515,435,75,118,77,25,4,12,69,61,89,6,1,0.271,0.373,0.43,C/1B,
Kaden Hollo,24,687701,"A,A+",SDP,"SDP (A,A+)",362,292,41,76,57,15,1,3,48,56,61,2,2,0.26,0.377,0.349,1B/OF,
Tatem Levin,27,694420,"AA,AAA",TBR,"TBR (AA,AAA)",453,360,60,87,53,22,1,11,60,81,116,4,0,0.242,0.39,0.4,C,
Lamar King Jr,22,702601,"A,A+",SDP,"SDP (A,A+)",580,502,66,137,93,36,2,6,55,64,119,29,4,0.273,0.364,0.388,C/1B,
Cutter Coffe,22,702690,"A+,AA",TOR,"TOR (A+,AA)",546,477,79,126,82,32,1,11,73,58,140,13,3,0.264,0.35,0.405,3B/SS,
Emaarion Boy,22,702708,"A+,AA",MIA,"MIA (A+,AA)",421,357,58,85,59,20,2,4,36,41,85,63,19,0.238,0.334,0.339,OF,
Devin Orti,27,668776,AA,SDP,SDP (AA),613,533,70,120,95,16,1,8,52,64,117,21,5,0.225,0.315,0.304,3B,
Johnathon Thoma,26,684976,"A+,AA",WSN,"WSN (A+,AA)",459,403,61,96,70,19,4,3,40,27,89,41,10,0.238,0.306,0.328,OF,
Ben Ros,25,805346,"AA,AAA",MIN,"MIN (AA,AAA)",626,534,86,132,80,30,1,21,83,78,135,28,8,0.247,0.345,0.425,SS,
Matt Coutne,26,671925,"A,A+,AA",LAA,"LAA (A,A+,AA)",573,487,61,125,72,33,1,19,68,71,143,4,1,0.257,0.364,0.446,1B,
Max Wagne,24,694484,AA,BAL,BAL (AA),381,338,38,75,45,19,2,9,33,39,115,7,7,0.222,0.303,0.37,2B/3B,
Jacob Reime,22,702544,"A+,AA",NYM,"NYM (A+,AA)",644,546,106,146,82,40,5,19,82,76,147,20,4,0.267,0.371,0.463,3B,
Brooks Branno,22,703477,"A+,AA",BOS,"BOS (A+,AA)",442,401,61,104,65,20,3,16,64,38,133,5,1,0.259,0.326,0.444,C/1B,
Nick Morabit,23,703492,"AA,AAA",NYM,"NYM (AA,AAA)",649,565,89,151,106,33,2,10,74,67,152,63,13,0.267,0.353,0.386,OF,
John Garci,25,801039,AA,HOU,HOU (AA),376,316,30,59,43,10,0,6,33,45,110,11,2,0.187,0.302,0.275,C,
Andy Garriol,26,696513,"A+,AA",CHC,"CHC (A+,AA)",507,446,64,99,54,24,1,20,82,42,112,7,1,0.222,0.3,0.415,OF,
Hector Osori,21,800540,"A,A+",TEX,"TEX (A,A+)",509,407,58,106,79,12,5,10,66,75,63,18,8,0.26,0.396,0.388,OF,
Andrew Cossett,26,681355,AA,MIN,MIN (AA),444,361,56,77,44,17,1,15,55,68,122,3,1,0.213,0.358,0.391,C/1B,
Seth Stephenso,25,700931,"A+,AA",DET,"DET (A+,AA)",612,535,102,143,101,26,7,9,64,41,102,70,6,0.267,0.35,0.393,OF,
Carter Youn,25,677356,"A+,AA,AAA",BAL,"BAL (A+,AA,AAA)",399,348,37,64,53,6,0,5,41,39,135,3,2,0.184,0.277,0.244,SS,
D'Andre Smit,25,694266,"A+,AA",NYM,"NYM (A+,AA)",447,404,54,110,76,20,6,8,53,32,88,33,4,0.272,0.34,0.411,2B/OF,
Kevin Parad,24,691006,"AA,AAA",NYM,"NYM (AA,AAA)",534,466,53,108,67,29,1,11,64,55,144,10,1,0.232,0.313,0.369,C,
Douglas Hodo II,25,683233,AA,BAL,BAL (AA),470,399,52,82,51,19,2,10,38,58,135,32,10,0.206,0.316,0.338,OF,
Joe Lamp,25,802407,"AA,AAA",CLE,"CLE (AA,AAA)",569,495,71,115,69,30,6,10,70,59,141,26,4,0.232,0.324,0.378,OF,
Druw Jone,22,702258,"A+,AA",ARI,"ARI (A+,AA)",672,583,93,143,101,30,6,6,67,75,173,33,5,0.245,0.334,0.348,OF,
Brando Maye,20,806963,"A,CPX",NYY,"NYY (A,CPX)",207,184,33,45,30,9,1,5,19,16,56,9,3,0.245,0.325,0.386,OF,
Enmanuel Bonill,20,806962,"A,CPX",TOR,"TOR (A,CPX)",265,233,30,48,36,5,1,6,30,20,75,9,6,0.206,0.274,0.313,OF,
Brett Squire,26,689531,"AA,AAA",KCR,"KCR (AA,AAA)",643,570,73,145,84,37,8,16,85,66,169,27,5,0.254,0.336,0.432,1B,
Andrew Pinta,25,801464,AAA,MIA,MIA (AAA),478,419,56,109,77,23,3,6,52,49,131,32,6,0.26,0.342,0.372,OF,
Maddux Houghto,27,806368,"A,A+,AA,AAA",MIN,"MIN (A,A+,AA,AAA)",415,370,71,96,58,21,4,13,49,38,124,36,2,0.259,0.337,0.443,OF,
Gabriel Rincones Jr,25,687282,"A,AAA",PHI,"PHI (A,AAA)",526,429,88,103,60,23,1,19,77,83,118,21,5,0.24,0.369,0.431,OF,
Guy Lipscom,25,805865,"AA,AAA",CLE,"CLE (AA,AAA)",443,389,55,96,68,22,1,5,51,44,74,24,7,0.247,0.326,0.347,OF,
Turner Hil,27,806367,"AA,AAA,CPX",SFG,"SFG (AA,AAA,CPX)",445,379,68,107,76,22,7,2,48,51,46,24,7,0.282,0.375,0.393,OF,
Jhosmmel Zu,22,702435,"A,CPX",KCR,"KCR (A,CPX)",165,137,25,38,29,5,2,2,22,22,52,3,0,0.277,0.377,0.387,C/1B,
Antonis Macia,21,805950,"A,A+",TEX,"TEX (A,A+)",547,438,66,111,88,17,2,4,55,88,94,6,4,0.253,0.376,0.329,2B/OF,
Pedro Catu,20,806869,"A,CPX",ARI,"ARI (A,CPX)",278,249,33,56,39,11,2,4,34,19,81,12,3,0.225,0.292,0.333,OF,
Luis Escuder,20,806884,CPX,NYY,NYY (CPX),202,167,33,37,28,3,2,4,22,32,32,14,5,0.222,0.342,0.335,2B,
Alfredo Dun,20,806957,"A,A+",CIN,"CIN (A,A+)",631,499,94,142,78,39,2,23,99,120,119,6,6,0.285,0.426,0.509,C,
Sebastian Walcot,19,806964,AA,TEX,TEX (AA),552,474,71,121,87,19,2,13,59,70,108,32,10,0.255,0.355,0.386,SS,
Starlyn Cab,20,806965,"A,A+",MIA,"MIA (A,A+)",356,295,44,69,53,10,2,4,41,55,61,23,6,0.234,0.355,0.322,SS,
Ludwing Espinoz,20,806968,"A,CPX",CHC,"CHC (A,CPX)",233,199,32,44,32,8,3,1,11,27,52,22,6,0.221,0.33,0.307,2B/SS,
Robert Cala,20,806978,"A,A+",COL,"COL (A,A+)",546,482,57,122,84,21,5,12,67,46,152,12,5,0.253,0.33,0.392,OF,
Angel Ceped,20,806980,"A,A+",CHC,"CHC (A,A+)",454,400,49,99,71,15,5,8,55,41,143,28,7,0.248,0.337,0.37,3B/SS,
Esmil Valenci,20,806982,A,MIA,MIA (A),477,427,57,118,90,15,5,8,63,34,110,69,23,0.276,0.336,0.391,OF,
Yophery Rodrigue,20,806983,A+,BOS,BOS (A+),565,495,67,115,69,25,7,14,66,62,113,11,6,0.232,0.322,0.396,OF,
Arnaldo Lantigu,20,806984,"A,CPX",CIN,"CIN (A,CPX)",465,413,63,105,56,32,4,13,71,45,122,4,5,0.254,0.335,0.446,OF,
Yoeilin Cespede,20,806985,"A,A+",BOS,"BOS (A,A+)",624,561,81,138,80,36,5,17,77,52,140,11,6,0.246,0.308,0.419,2B/SS,
Daiverson Gutierre,20,806987,"A,A+",NYM,"NYM (A,A+)",520,433,65,96,76,15,0,5,46,64,86,7,5,0.222,0.344,0.291,C,
Welbyn Francisc,20,806988,"A,CPX",CLE,"CLE (A,CPX)",431,372,55,85,66,14,2,3,45,53,73,47,12,0.228,0.323,0.301,SS,
German Ramire,19,806993,"A,CPX",HOU,"HOU (A,CPX)",358,312,45,62,42,13,4,3,41,35,99,18,3,0.199,0.291,0.295,3B/SS,
Filippo Di Tur,20,806995,A,MIL,MIL (A),600,499,66,101,69,17,4,11,59,92,160,12,8,0.202,0.325,0.319,2B/3B/SS,
Jeremy Rodrigue,19,807007,"A,CPX",NYM,"NYM (A,CPX)",518,442,59,90,78,7,3,2,43,64,100,35,14,0.204,0.306,0.247,SS,
Anibal Sala,20,807010,"A,CPX",DET,"DET (A,CPX)",289,236,44,52,28,12,6,6,29,42,79,9,4,0.22,0.353,0.398,OF,
Kevin Ere,19,807148,CPX,MIL,MIL (CPX),181,142,23,21,16,2,2,1,15,26,62,5,4,0.148,0.32,0.211,2B/SS,
Randy Guzma,21,807383,"A,CPX",NYM,"NYM (A,CPX)",424,369,57,104,56,28,3,17,79,39,96,5,7,0.282,0.368,0.512,1B/OF,
Yeycol Sorian,20,807649,CPX,CIN,CIN (CPX),184,154,20,36,28,4,2,2,23,26,60,7,2,0.234,0.344,0.325,OF,
Cristopfer Gonzale,19,807837,DSL,HOU,HOU (DSL),154,124,22,21,16,2,1,2,24,24,52,4,3,0.169,0.325,0.25,OF,
Rafhlmil Torre,20,807951,"A,CPX",CIN,"CIN (A,CPX)",373,317,59,76,49,17,5,5,43,36,55,15,9,0.24,0.338,0.372,2B/SS,
Yeiker Reye,20,807975,"A,CPX",COL,"COL (A,CPX)",406,350,48,78,64,11,1,2,22,45,101,33,10,0.223,0.316,0.277,OF,
Ramon Landaet,20,807983,CPX,OAK,OAK (CPX),173,144,23,43,28,11,0,4,31,26,47,0,1,0.299,0.399,0.458,C,
Jeremy Ciriac,19,807994,"A,CPX",COL,"COL (A,CPX)",252,226,30,59,43,15,0,1,25,17,59,7,6,0.261,0.323,0.341,SS,
Jeison Lope,20,808000,"CPX,DSL",OAK,"OAK (CPX,DSL)",204,176,25,41,28,10,2,1,27,16,43,4,4,0.233,0.315,0.33,OF,
Anielson Bute,20,808004,CPX,CIN,CIN (CPX),187,171,35,48,33,9,5,1,29,9,54,11,3,0.281,0.323,0.409,OF,
Gustavo Marque,20,808009,CPX,SDP,SDP (CPX),171,141,23,32,26,6,0,0,15,18,45,6,2,0.227,0.345,0.27,OF,
John Santan,19,808015,DSL,TBR,TBR (DSL),206,171,26,35,21,9,0,5,40,26,41,7,5,0.205,0.32,0.345,OF,
Carlos Virahond,20,808024,"A,CPX",ARI,"ARI (A,CPX)",430,360,61,104,73,17,2,12,69,34,77,4,2,0.289,0.393,0.447,C,
Juan Sierr,20,808027,"A,CPX",HOU,"HOU (A,CPX)",203,170,29,50,33,10,0,7,32,25,48,4,3,0.294,0.389,0.476,OF,
Daniel Mielcare,20,808028,"CPX,DSL",LAD,"LAD (CPX,DSL)",157,122,37,30,15,7,1,7,25,33,47,13,3,0.246,0.414,0.492,2B/SS,
Luis De Leo,20,808029,CPX,SDP,SDP (CPX),271,221,43,64,55,4,3,2,25,41,62,21,5,0.29,0.414,0.362,2B,
Jonathan River,20,808033,CPX,PIT,PIT (CPX),173,141,18,26,18,5,2,1,16,27,45,2,1,0.184,0.324,0.27,C,
Abraham Nune,20,808041,A,CHW,CHW (A),401,360,52,80,61,11,3,5,34,36,91,20,14,0.222,0.298,0.311,OF,
Branny De Ole,21,808067,"A,CPX",NYM,"NYM (A,CPX)",228,200,28,41,26,10,2,3,26,25,53,19,6,0.205,0.303,0.32,2B/3B/SS,
Vladi Gome,20,808082,"A,CPX",NYM,"NYM (A,CPX)",198,156,36,31,23,4,3,1,12,33,45,23,4,0.199,0.349,0.282,2B,
Byron Castill,20,808092,"CPX,DSL",LAA,"LAA (CPX,DSL)",177,157,38,48,33,8,2,5,24,13,50,10,3,0.306,0.379,0.478,OF,
Reiner Herrer,20,808096,CPX,CLE,CLE (CPX),208,166,28,37,25,2,4,6,33,34,38,6,3,0.223,0.37,0.392,C,
Andruw Muset,20,808104,"A,A+",BOS,"BOS (A,A+)",398,350,43,87,68,12,0,7,40,43,98,1,1,0.249,0.334,0.343,C,
Anyelo Marque,20,808113,"A,CPX",LAA,"LAA (A,CPX)",327,283,51,71,44,14,3,10,46,32,97,8,1,0.251,0.335,0.428,2B,
Yaikel Mijare,20,808119,A,CLE,CLE (A),403,342,43,61,47,12,1,1,28,57,141,21,7,0.178,0.3,0.228,2B/3B,
Juan Flore,20,808129,A+,LAA,LAA (A+),447,394,55,84,52,17,0,15,58,28,120,0,1,0.213,0.296,0.371,C,
Jose Pirel,20,808141,A,CLE,CLE (A),456,399,43,90,57,18,7,8,58,35,144,21,11,0.226,0.314,0.366,OF,
Jose Urbin,20,808142,"CPX,DSL",ARI,"ARI (CPX,DSL)",162,123,24,24,17,5,1,1,14,26,30,0,0,0.195,0.377,0.276,C,
Eliesbert Alejo,20,808148,"A,CPX",ARI,"ARI (A,CPX)",322,289,30,67,52,12,0,3,37,13,57,9,3,0.232,0.299,0.304,3B/SS,
Luis Merej,19,808153,A,CLE,CLE (A),457,383,55,69,41,14,2,12,53,54,147,11,3,0.18,0.3,0.321,1B,
Jonathan Martine,19,808159,"A,CPX",CLE,"CLE (A,CPX)",212,179,37,48,34,7,5,2,23,27,57,21,4,0.268,0.368,0.397,2B/SS,
Joshua Liranz,19,808162,"A,CPX",BAL,"BAL (A,CPX)",430,351,56,73,52,13,4,4,38,66,123,27,9,0.208,0.348,0.302,3B/SS,
Roderick Flore,19,808228,CPX,MIL,MIL (CPX),179,140,19,34,23,8,1,2,21,31,38,4,0,0.243,0.385,0.357,2B,
Eduardo Quinter,20,808234,"A,A+",LAD,"LAD (A,A+)",668,544,126,154,99,27,7,21,83,103,155,57,16,0.283,0.4,0.474,OF,
Luiyin Alastr,20,808236,"A,A+",MIL,"MIL (A,A+)",468,412,47,97,76,15,5,1,53,46,86,16,9,0.235,0.321,0.303,OF,
Antonio Pimente,20,808240,"A,DSL",PIT,"PIT (A,DSL)",214,181,37,57,37,13,5,2,40,30,33,30,3,0.315,0.416,0.475,2B/SS,
Starlyn Nune,20,808245,A,BOS,BOS (A),581,524,73,129,79,27,10,13,71,41,134,30,9,0.246,0.31,0.41,3B/SS,
Kleiver Chaura,20,808264,"CPX,DSL",TBR,"TBR (CPX,DSL)",245,175,47,48,36,9,1,2,47,59,41,34,6,0.274,0.469,0.371,2B/3B/SS,
Jose Monzo,20,808267,A,TBR,TBR (A),410,355,39,73,60,12,0,1,36,48,98,15,7,0.206,0.3,0.248,3B/SS,
Jose Tova,20,808270,CPX,TBR,TBR (CPX),158,130,21,20,12,6,2,0,12,26,38,2,1,0.154,0.295,0.231,C,
Alfonzo Martine,20,808273,CPX,TBR,TBR (CPX),200,181,27,41,34,5,1,1,28,13,39,7,6,0.227,0.285,0.282,OF,
Facundo Vel\xc3\xa1sque,20,808278,"A,CPX",STL,"STL (A,CPX)",194,155,32,30,19,7,3,1,10,37,74,12,6,0.194,0.356,0.297,OF,
Elian Sot,20,808279,CPX,WSN,WSN (CPX),193,155,27,21,10,7,0,4,20,33,63,2,2,0.135,0.306,0.258,1B/OF,
Cristian Jauregu,20,808286,"A,CPX",PIT,"PIT (A,CPX)",199,169,24,42,30,7,3,2,19,23,49,15,4,0.249,0.362,0.361,OF,
Luis Lamed,20,808288,A,MIL,MIL (A),373,297,42,70,58,10,1,1,36,71,66,12,5,0.236,0.381,0.286,2B,
Julio Zaya,20,808289,"A,CPX",NYM,"NYM (A,CPX)",287,243,31,66,49,14,0,3,31,29,59,0,0,0.272,0.362,0.366,C,
Heriberto Rinco,20,808298,"A+,CPX,DSL",NYM,"NYM (A+,CPX,DSL)",259,235,46,73,56,11,3,3,34,22,43,41,7,0.311,0.375,0.421,OF,
Juan Orteg,20,808302,"A,CPX",BAL,"BAL (A,CPX)",230,187,32,38,25,3,5,5,28,31,54,19,6,0.203,0.336,0.353,C/1B,
Kleyver Salaza,20,808307,A,BOS,BOS (A),517,437,48,93,70,16,0,7,51,72,99,7,3,0.213,0.327,0.297,C,
Pablo Guerrer,18,808326,A,TEX,TEX (A),396,346,43,72,48,17,0,7,34,45,99,0,0,0.208,0.303,0.318,1B,
Harold Gonzale,18,808339,DSL,LAD,LAD (DSL),177,136,30,35,27,5,1,2,26,37,28,11,2,0.257,0.412,0.353,2B/3B,
Eduarlin Tejed,21,808355,"CPX,DSL",SDP,"SDP (CPX,DSL)",204,155,41,47,37,7,3,0,26,38,34,5,1,0.303,0.442,0.387,2B/OF,
Willian Bert,19,808379,DSL,DET,DET (DSL),182,144,30,39,25,8,2,4,27,31,41,3,0,0.271,0.412,0.438,OF,
Yosneiker Riva,20,808380,"CPX,DSL",SFG,"SFG (CPX,DSL)",181,149,31,46,31,10,3,2,27,22,31,6,3,0.309,0.413,0.456,2B/SS,
D'Angelo Tejad,20,808382,"A,CPX",CHW,"CHW (A,CPX)",298,265,32,55,39,9,3,4,34,27,109,13,9,0.208,0.287,0.309,3B/SS,
Santiago Pint,20,808392,"CPX,DSL",DET,"DET (CPX,DSL)",199,177,25,51,36,9,4,2,27,16,38,20,7,0.288,0.362,0.418,OF,
Carlos Concepcio,20,808393,"CPX,DSL",SFG,"SFG (CPX,DSL)",214,180,33,48,28,10,4,6,41,22,62,1,0,0.267,0.355,0.467,OF,
Angel Guzma,20,808401,CPX,SFG,SFG (CPX),173,142,19,30,19,5,4,2,22,29,44,3,1,0.211,0.353,0.345,1B/OF,
Fabian Lope,20,808500,CPX,MIA,MIA (CPX),160,141,13,30,21,7,1,1,21,13,58,6,1,0.213,0.289,0.298,SS,
Andru Arthu,20,808504,CPX,STL,STL (CPX),158,119,21,21,16,4,0,1,9,30,50,13,3,0.176,0.38,0.235,OF,
Andres Valo,20,808516,A,MIA,MIA (A),608,508,86,113,70,25,6,12,66,74,177,60,12,0.222,0.337,0.366,OF,
Jancory De La Cru,20,808519,CPX,MIA,MIA (CPX),176,147,20,27,20,3,1,3,16,27,58,4,4,0.184,0.312,0.279,OF,
John Gi,20,808535,"A,A+,AA,CPX",ATL,"ATL (A,A+,AA,CPX)",644,549,104,143,98,31,1,13,68,83,99,75,17,0.26,0.357,0.392,SS,
Frederik Jimene,21,808631,A,BOS,BOS (A),432,364,44,66,48,9,1,8,36,54,129,14,7,0.181,0.296,0.277,1B,
Breyias Dea,20,808686,CPX,MIA,MIA (CPX),155,138,13,34,21,8,1,4,24,13,48,2,2,0.246,0.323,0.406,1B/3B,
Daniel Lope,20,808693,"A,CPX",KCR,"KCR (A,CPX)",292,261,45,59,35,14,5,5,32,22,61,23,2,0.226,0.293,0.375,OF,
Darvin Cru,19,808704,DSL,KCR,KCR (DSL),173,138,28,37,30,5,2,0,18,28,24,6,2,0.268,0.401,0.333,OF,
Adrian Bell,20,808705,"CPX,DSL",MIA,"MIA (CPX,DSL)",185,144,29,40,28,5,3,4,32,37,35,8,3,0.278,0.427,0.438,C,
Marcelo Alcal,20,808708,"A,CPX",CHW,"CHW (A,CPX)",289,245,45,48,22,12,5,9,28,28,120,19,4,0.196,0.311,0.396,OF,
Jayden Felici,19,809337,DSL,MIA,MIA (DSL),164,124,27,30,22,6,1,1,15,39,37,12,3,0.242,0.427,0.331,1B/2B,
Luis Puell,20,809772,"A,CPX",NYY,"NYY (A,CPX)",162,147,31,35,21,8,0,6,24,9,53,6,1,0.238,0.302,0.415,C/OF,
Dashyll Tejed,20,812158,"A,CPX",WSN,"WSN (A,CPX)",171,143,33,36,32,2,1,1,21,20,30,32,4,0.252,0.359,0.301,OF,
Justin Ramire,21,814256,"CPX,DSL",NYM,"NYM (CPX,DSL)",196,160,27,46,30,7,4,5,30,30,34,11,7,0.288,0.408,0.475,OF,
Kevin Verd,20,814269,"A,CPX",NYY,"NYY (A,CPX)",182,169,18,31,22,6,0,3,27,10,37,9,1,0.183,0.231,0.272,3B/SS,
Jorge Lar,20,814278,"CPX,DSL",ARI,"ARI (CPX,DSL)",205,160,48,54,37,11,4,2,34,37,23,24,4,0.338,0.473,0.494,2B,
Dario Reynos,21,814294,"A,CPX",SFG,"SFG (A,CPX)",395,309,87,83,46,20,3,14,66,73,130,23,6,0.269,0.42,0.489,2B/3B,
Edgleen Pere,20,814297,A,NYY,NYY (A),569,458,59,107,93,13,0,1,49,97,103,5,1,0.234,0.376,0.269,C,
Nick People,21,703612,A,WSN,WSN (A),502,428,63,89,53,21,3,12,54,57,186,21,9,0.208,0.317,0.355,OF,
Hyungchan U,22,805870,"A,CPX",KCR,"KCR (A,CPX)",394,335,38,78,54,18,0,6,38,43,79,6,1,0.233,0.335,0.34,C,
Bryan Martine,20,808115,CPX,LAA,LAA (CPX),169,153,26,37,25,6,3,3,18,9,60,3,3,0.242,0.298,0.379,OF,
Junior Ayba,19,808166,"A,CPX,DSL",BAL,"BAL (A,CPX,DSL)",218,192,32,48,34,11,3,0,26,23,68,11,8,0.25,0.329,0.339,OF,
Gerardo Rodrigue,20,808269,"A,A+,CPX",BOS,"BOS (A,A+,CPX)",367,328,38,89,62,22,1,4,51,25,49,8,0,0.271,0.33,0.381,C,
Tyler Rodrigue,20,808291,"A,CPX",MIL,"MIL (A,CPX)",358,276,39,58,49,7,0,2,30,61,59,24,8,0.21,0.38,0.257,OF,
Dameury Pen,20,808365,A,MIN,MIN (A),553,489,67,125,105,13,1,6,56,47,48,36,10,0.256,0.33,0.323,2B,
Nelson Mari,19,808372,DSL,DET,DET (DSL),150,121,19,29,21,6,0,2,16,24,29,2,1,0.24,0.38,0.339,C/1B,
Ramon Ramire,21,808675,"A,A+,CPX",KCR,"KCR (A,A+,CPX)",457,394,71,106,65,19,4,18,91,47,94,9,3,0.269,0.348,0.475,C,
Stiven Flore,20,808696,"A,CPX",CHW,"CHW (A,CPX)",288,259,34,78,61,14,1,2,47,24,30,3,2,0.301,0.354,0.386,C,
Asbel Gonzale,20,808706,"A,A+",KCR,"KCR (A,A+)",626,516,101,128,107,14,3,4,34,63,119,93,31,0.248,0.364,0.31,OF,
Abel Lorenz,20,806867,CPX,LAD,LAD (CPX),168,154,20,26,17,4,0,5,16,10,56,6,1,0.169,0.232,0.292,OF,
Kelvin Alcantar,20,808083,CPX,SEA,SEA (CPX),266,224,37,59,40,13,1,5,34,31,48,3,0,0.263,0.368,0.397,OF,
Sebastian De Andrad,20,808143,"A,CPX",SEA,"SEA (A,CPX)",202,169,30,46,35,9,0,2,27,27,45,0,1,0.272,0.381,0.361,C,
Franklin Aria,20,808265,"A,A+,AA",BOS,"BOS (A,A+,AA)",644,580,85,170,119,34,1,16,89,50,66,16,10,0.293,0.356,0.438,SS,
Omar Reye,21,808683,"CPX,DSL",KCR,"KCR (CPX,DSL)",187,144,35,48,41,5,1,1,27,39,26,2,1,0.333,0.478,0.403,1B/2B,
Brian Sanche,21,809331,"A,A+",NYY,"NYY (A,A+)",402,345,58,88,57,20,6,5,42,45,108,27,5,0.255,0.345,0.391,OF,
Eduardo Tai,19,806953,"A,A+",PHI,"PHI (A,A+)",620,555,73,138,77,40,1,20,90,47,131,0,1,0.249,0.311,0.432,C,
Alfredo Alcantar,20,807643,"A,A+,CPX",CIN,"CIN (A,A+,CPX)",463,367,68,100,70,19,0,11,58,71,110,13,5,0.272,0.411,0.414,2B/SS,
Jose Gonzale,21,806919,"CPX,DSL",LAD,"LAD (CPX,DSL)",202,143,44,34,15,11,3,5,25,49,52,15,2,0.238,0.446,0.462,OF,
Jose Castr,20,812161,"CPX,DSL",NYY,"NYY (CPX,DSL)",173,130,38,32,21,4,0,7,28,31,37,26,6,0.246,0.41,0.438,OF,
Dariel Ramo,20,814748,"A,CPX",TOR,"TOR (A,CPX)",359,292,62,68,47,15,3,3,33,50,61,29,5,0.233,0.372,0.336,2B/OF,
Yassel Sole,20,807957,"A,A+",ARI,"ARI (A,A+)",543,474,56,110,73,19,2,16,67,46,125,5,0,0.232,0.319,0.382,3B,
Moises Valde,20,814229,"CPX,DSL",SDP,"SDP (CPX,DSL)",249,210,47,64,48,10,5,1,21,28,39,26,5,0.305,0.404,0.414,OF,
Junior Garci,20,815010,"A,CPX",ATL,"ATL (A,CPX)",257,226,26,46,30,11,1,4,21,29,76,3,1,0.204,0.3,0.314,OF,
Alexey Lumpu,22,815121,A,CHC,CHC (A),555,491,76,107,70,19,6,12,64,48,192,42,12,0.218,0.305,0.354,OF,
Alirio Ferrebu,20,808232,"A,CPX",PHI,"PHI (A,CPX)",410,364,56,101,67,23,1,10,76,24,62,7,1,0.277,0.345,0.429,C/1B,
Cristian Pere,19,807008,"CPX,DSL",DET,"DET (CPX,DSL)",206,181,37,45,30,6,2,7,33,17,61,7,0,0.249,0.335,0.42,OF,
Carlos Gutierre,21,806872,"A,A+",SFG,"SFG (A,A+)",410,344,77,109,81,17,6,5,51,56,59,35,3,0.317,0.42,0.445,OF,
Wilder Dali,19,815195,"A,CPX",COL,"COL (A,CPX)",457,380,70,107,70,22,5,10,77,58,100,20,7,0.282,0.378,0.445,3B/SS,
Aldo Gaxiol,20,815220,"A,CPX",TOR,"TOR (A,CPX)",331,292,38,71,53,12,1,5,30,31,70,4,1,0.243,0.33,0.342,1B/3B,
Enyervert Pere,20,808381,"A,CPX",ARI,"ARI (A,CPX)",425,364,49,92,61,23,0,8,49,38,119,4,1,0.253,0.339,0.382,1B,
Lisbel Dia,20,815464,"A,A+",SFG,"SFG (A,A+)",670,614,98,163,108,35,4,16,93,38,126,29,8,0.265,0.314,0.414,OF,
Chase Davi,24,690971,AA,STL,STL (AA),622,518,79,123,87,20,0,16,70,91,183,14,3,0.237,0.36,0.369,OF,
Tre Richardson II,24,693832,A+,STL,STL (A+),379,332,49,80,59,18,0,3,33,37,75,20,9,0.241,0.332,0.322,2B,
Cole Fontenell,24,694304,"A+,AA",LAA,"LAA (A+,AA)",451,391,44,72,49,10,4,9,40,41,183,17,9,0.184,0.286,0.299,3B,
Dakota Harri,24,703766,AA,STL,STL (AA),600,535,85,130,99,17,0,14,67,46,114,30,8,0.243,0.314,0.353,2B/3B,
Zach Levenso,24,804241,"A+,AA",STL,"STL (A+,AA)",576,480,70,111,72,24,2,13,70,88,114,9,8,0.231,0.358,0.371,OF,
Trey Paig,25,813852,"A+,AA",STL,"STL (A+,AA)",470,403,64,92,65,15,5,7,47,58,128,14,3,0.228,0.331,0.342,1B/3B,
Jared Sundstro,25,814791,AA,SEA,SEA (AA),585,527,74,114,69,25,5,15,64,47,173,39,7,0.216,0.291,0.368,OF,
Mac McCroske,26,815151,AA,LAA,LAA (AA),396,347,42,61,46,10,2,3,23,39,120,17,6,0.176,0.262,0.242,2B/SS,
Homer Bush Jr,24,683344,"A,AA,AAA",TBR,"TBR (A,AA,AAA)",625,542,77,163,140,14,8,1,52,55,115,67,15,0.301,0.374,0.362,OF,
Hunter Fitz-Geral,25,686638,AA,SEA,SEA (AA),541,487,67,125,75,31,2,17,80,46,160,17,1,0.257,0.326,0.433,1B,
Charlie Pagliarin,25,813860,"A+,AA",SEA,"SEA (A+,AA)",638,531,83,124,66,27,5,26,77,97,177,5,3,0.234,0.359,0.45,1B/2B,
Rio Foste,22,815306,A+,LAA,LAA (A+),378,303,54,81,51,18,2,10,40,60,96,8,1,0.267,0.407,0.439,OF,
Johnny Olmstea,25,675394,"AA,AAA",MIA,"MIA (AA,AAA)",585,511,84,110,69,23,4,14,56,57,114,27,11,0.215,0.302,0.358,2B/SS,
Drew Compto,25,686541,AA,ATL,ATL (AA),544,485,48,115,85,22,2,6,41,54,136,2,1,0.237,0.312,0.328,1B,
Calvin Harri,24,691941,"A,AA",CHW,"CHW (A,AA)",424,374,55,95,73,14,3,5,51,43,94,9,4,0.254,0.331,0.348,C,
Jordan Thompso,24,691948,A+,LAD,LAD (A+),409,364,43,76,53,16,0,7,34,32,112,10,8,0.209,0.284,0.31,2B/SS,
Jacob Gonzale,24,694378,"AA,AAA",CHW,"CHW (AA,AAA)",721,621,88,152,97,33,3,19,100,79,124,23,6,0.245,0.334,0.399,2B/SS,
Brock Wilke,24,694385,"AA,AAA",MIL,"MIL (AA,AAA)",505,400,63,86,38,26,2,20,70,96,138,6,0,0.215,0.368,0.44,3B,
Sabin Ceballo,23,694754,AA,SFG,SFG (AA),554,475,57,112,73,27,0,12,65,61,107,6,3,0.236,0.333,0.368,3B,
Joe Vetran,24,694838,"A+,AA",LAD,"LAD (A+,AA)",534,467,67,105,69,20,4,12,67,61,147,25,6,0.225,0.319,0.362,1B,
Raudi Rodrigue,22,804558,"A,AA",LAA,"LAA (A,AA)",703,593,118,165,109,25,14,17,105,90,157,51,9,0.278,0.381,0.454,OF,
Isaiah Drak,20,806061,"A,A+",ATL,"ATL (A,A+)",647,577,81,160,126,15,6,13,80,62,141,59,15,0.277,0.349,0.392,OF,
John Wimme,21,814091,"A,CPX",LAA,"LAA (A,CPX)",360,322,35,72,46,18,5,3,28,30,131,8,2,0.224,0.302,0.339,SS,
Will Verdun,23,815299,"A+,CPX",ATL,"ATL (A+,CPX)",370,310,38,87,72,12,2,1,26,50,61,7,4,0.281,0.381,0.342,1B/2B,
Casey Yamauch,25,671748,"A+,AA",OAK,"OAK (A+,AA)",600,543,62,153,115,27,5,6,80,27,47,15,7,0.282,0.336,0.383,2B,
Luke Man,26,680996,"AA,AAA",OAK,"OAK (AA,AAA)",581,498,68,98,56,23,3,16,82,63,184,9,1,0.197,0.293,0.351,3B,
Will Simpso,24,687310,AA,TBR,TBR (AA),614,548,63,118,73,26,0,19,68,55,159,14,4,0.215,0.29,0.367,1B,
Colby Halte,24,690985,"AA,AAA",OAK,"OAK (AA,AAA)",631,537,82,139,89,31,9,10,75,77,178,35,7,0.259,0.357,0.406,2B,
Nate Nanki,23,694977,"A+,AA",OAK,"OAK (A+,AA)",610,529,81,142,106,29,3,4,63,58,97,12,3,0.268,0.355,0.357,OF,
Brock Vradenbur,24,802544,A+,PHI,PHI (A+),407,344,48,62,37,19,3,3,36,61,110,16,4,0.18,0.302,0.279,1B,
Ryan Lask,24,805782,"A+,AA,AAA,CPX",OAK,"OAK (A+,AA,AAA,CPX)",501,427,69,98,71,14,4,9,58,52,126,16,6,0.23,0.329,0.344,OF,
Jonah Co,24,813841,"A+,AA",SFG,"SFG (A+,AA)",716,628,112,178,117,33,14,14,97,65,154,77,15,0.283,0.357,0.447,OF,
Tevin Tucke,26,686683,A+,COL,COL (A+),402,332,48,69,49,17,0,3,37,60,102,49,3,0.208,0.339,0.286,2B,
Tommy Tro,24,694371,"AA,AAA",ARI,"ARI (AA,AAA)",759,650,114,192,132,36,7,17,91,91,140,30,6,0.295,0.389,0.451,2B/SS,
Kemp Alderma,23,694580,"AA,AAA",MIA,"MIA (AA,AAA)",692,626,96,179,120,24,6,29,89,52,175,27,11,0.286,0.345,0.482,OF,
Jack Hurle,24,694815,"AA,AAA,CPX",ARI,"ARI (AA,AAA,CPX)",400,359,43,82,52,17,4,9,36,28,147,1,6,0.228,0.294,0.373,OF,
Mitch Jeb,24,694991,"AA,AAA",PIT,"PIT (AA,AAA)",601,522,68,139,117,13,7,2,42,70,69,39,6,0.266,0.352,0.33,2B/OF,
Max Anderso,24,801194,"A,AA,AAA",DET,"DET (A,AA,AAA)",603,551,88,167,109,33,2,23,100,39,97,4,3,0.303,0.355,0.495,2B,
Ryan Ignoff,25,813883,"A+,AA",MIA,"MIA (A+,AA)",402,363,56,96,55,27,4,10,74,32,62,20,5,0.264,0.323,0.444,C,
Aidan Longwel,24,815067,"A+,AA",COL,"COL (A+,AA)",659,583,74,160,88,48,4,20,104,55,126,6,2,0.274,0.34,0.473,1B,
Josh River,25,687069,"AA,AAA",TOR,"TOR (AA,AAA)",566,496,62,107,71,22,2,12,56,65,184,3,1,0.216,0.307,0.341,SS,
Brian Kalme,25,687260,A+,CHC,CHC (A+),389,333,43,71,43,15,3,10,47,51,102,6,0,0.213,0.316,0.366,1B,
Trevor Werne,25,687731,"A+,CPX",KCR,"KCR (A+,CPX)",406,355,47,74,44,16,5,9,45,39,128,18,8,0.208,0.288,0.358,3B,
Drew Bowse,24,690958,A+,CHC,CHC (A+),452,377,55,80,59,16,2,3,46,60,127,24,4,0.212,0.338,0.289,1B/2B/3B,
Cole Carrig,24,694249,"AA,AAA",COL,"COL (AA,AAA)",707,630,120,169,113,26,11,19,97,58,168,72,14,0.268,0.341,0.435,OF,
Bryson War,25,694310,"A+,AA",PHI,"PHI (A+,AA)",454,405,67,98,59,21,1,17,50,37,140,10,3,0.242,0.314,0.425,3B,
Jake Gelo,24,695372,"A+,AA,CPX",LAD,"LAD (A+,AA,CPX)",495,418,72,92,39,31,0,22,81,70,140,12,9,0.22,0.329,0.452,3B,
RJ Schrec,25,702302,"A,AA,AAA,CPX",TOR,"TOR (A,AA,AAA,CPX)",586,471,83,115,68,21,3,23,80,95,118,12,1,0.244,0.389,0.448,OF,
Brett Batema,24,703520,"AA,AAA",CHC,"CHC (AA,AAA)",482,394,58,103,87,13,0,3,38,82,99,22,6,0.261,0.388,0.317,OF,
Avery Owusu-Asied,23,801938,"A,A+",PHI,"PHI (A,A+)",559,470,84,112,77,20,5,10,52,75,146,41,7,0.238,0.346,0.366,OF,
Myles Naylo,21,802504,"A,A+",OAK,"OAK (A,A+)",451,378,68,77,48,16,3,10,52,68,175,13,3,0.204,0.33,0.341,3B/SS,
Trent Farquha,25,802531,"A,A+,AA,CPX",PHI,"PHI (A,A+,AA,CPX)",414,340,50,67,48,15,2,2,32,63,68,20,6,0.197,0.328,0.271,2B,
Jay Harr,23,803385,"A+,AA",TOR,"TOR (A+,AA)",449,403,51,92,63,19,4,6,53,41,97,9,4,0.228,0.304,0.34,2B/SS,
Aidan Mille,21,805795,"AA,AAA",PHI,"PHI (AA,AAA)",526,432,82,114,71,27,2,14,42,82,123,59,15,0.264,0.392,0.433,SS,
Caleb Hobso,24,805931,A+,COL,COL (A+),410,328,63,52,37,10,3,2,18,67,166,34,8,0.159,0.314,0.226,OF,
Aidan Smit,21,806223,"A+,CPX",TBR,"TBR (A+,CPX)",487,420,79,98,67,14,3,14,62,57,147,43,6,0.233,0.329,0.381,OF,
Sammy Stafur,21,806230,"A,A+",CIN,"CIN (A,A+)",604,496,68,115,73,23,10,9,67,80,158,34,6,0.232,0.351,0.373,SS,
Brandon Winoku,21,806263,A+,MIN,MIN (A+),675,597,81,140,88,27,4,21,87,64,183,33,6,0.235,0.32,0.399,SS/OF,
Ethan O'Donnel,24,807751,"AA,AAA",CIN,"CIN (AA,AAA)",601,501,70,114,90,14,2,8,61,72,152,25,3,0.228,0.33,0.311,OF,
Arturo Disl,25,815697,"A+,AA",TEX,"TEX (A+,AA)",544,477,51,117,74,28,0,15,58,55,125,9,1,0.245,0.329,0.398,1B,
Caleb Cal,25,687730,AA,SEA,SEA (AA),579,509,69,113,67,21,3,22,77,61,181,17,10,0.222,0.306,0.405,3B,
Jace Bohrofe,24,690957,"A,AA",TOR,"TOR (A,AA)",475,404,65,90,43,22,4,21,59,62,159,19,3,0.223,0.338,0.453,OF,
Mike Boev,24,801670,"AA,CPX",MIL,"MIL (AA,CPX)",441,380,56,92,68,14,2,8,50,55,98,16,0,0.242,0.345,0.353,1B/3B,
Kendall Georg,21,806077,"A+,AA",LAD,"LAD (A+,AA)",664,553,127,166,139,16,8,3,50,102,105,118,26,0.3,0.409,0.374,OF,
Carter Tric,23,807714,"A+,AA",CHC,"CHC (A+,AA)",513,422,77,86,45,20,2,19,50,82,140,28,8,0.204,0.343,0.396,1B/OF,
Andrew Pinckne,25,687605,AAA,WSN,WSN (AAA),635,560,93,148,108,13,3,24,89,58,194,40,6,0.264,0.344,0.427,OF,
Braylen Wimme,25,687918,"A+,AA",COL,"COL (A+,AA)",605,531,77,155,104,32,2,17,74,47,142,42,3,0.292,0.361,0.456,3B/SS/OF,
Yohandy Morale,24,691002,"AA,AAA",WSN,"WSN (AA,AAA)",729,641,112,181,116,37,4,24,96,75,202,8,3,0.282,0.359,0.465,1B/3B,
Elijah Nune,24,694399,"A,A+,AA",WSN,"WSN (A,A+,AA)",387,318,56,77,59,13,3,2,33,60,92,29,6,0.242,0.375,0.321,OF,
Marcus Brow,24,694939,"A+,AA",WSN,"WSN (A+,AA)",400,352,36,78,59,14,2,3,20,32,75,14,3,0.222,0.301,0.298,2B/SS,
Garret Guillemett,24,695048,"A+,AA",HOU,"HOU (A+,AA)",430,375,58,84,54,16,0,14,57,42,100,8,4,0.224,0.317,0.379,C/1B,
Phillip Glasse,26,701298,"AA,AAA",WSN,"WSN (AA,AAA)",655,575,78,170,136,22,4,8,57,67,79,37,13,0.296,0.376,0.39,2B/OF,
Drew Cavanaug,24,701852,"A,A+,AA,AAA",SFG,"SFG (A,A+,AA,AAA)",496,393,88,105,63,23,2,17,78,78,132,10,4,0.267,0.405,0.466,C,
Max Clar,21,703601,"A+,AA,AAA",DET,"DET (A+,AA,AAA)",699,578,110,156,108,27,6,15,82,111,115,29,3,0.27,0.388,0.415,OF,
Nick Goodwi,24,800959,"A+,AA",TOR,"TOR (A+,AA)",461,377,66,90,59,16,2,13,57,64,82,11,4,0.239,0.368,0.395,2B/SS,
Jared Dicke,24,801406,"A+,AA,AAA",OAK,"OAK (A+,AA,AAA)",600,503,74,133,92,29,3,9,79,81,88,10,4,0.264,0.362,0.388,OF,
Charlie Szykown,26,805126,"A+,AA",SFG,"SFG (A+,AA)",683,608,95,167,103,36,5,23,101,38,119,7,6,0.275,0.34,0.464,1B/3B,
Spencer Niven,24,811289,AA,KCR,KCR (AA),554,469,59,118,87,22,2,7,62,76,115,15,4,0.252,0.35,0.352,OF,
Will Bus,22,813844,"A+,AA",HOU,"HOU (A+,AA)",525,432,67,103,66,18,0,19,61,81,146,15,5,0.238,0.371,0.412,C/1B,
Scott Bandur,24,814154,"A+,AA",SFG,"SFG (A+,AA)",716,607,123,172,120,33,6,13,94,90,177,51,4,0.283,0.383,0.422,OF,
Quinn McDanie,23,814194,"A,A+",SFG,"SFG (A,A+)",438,375,64,88,59,14,5,10,52,52,124,14,4,0.235,0.336,0.379,2B,
Pascanel Ferrera,24,814299,AA,HOU,HOU (AA),533,468,54,113,75,25,3,10,54,53,127,15,11,0.241,0.327,0.372,2B/3B/SS,
Zyhir Hop,21,814307,"A+,AA",LAD,"LAD (A+,AA)",687,587,89,157,102,33,3,19,106,91,177,32,8,0.267,0.367,0.431,OF,
Jackson Hornun,25,814408,"A+,AA",TOR,"TOR (A+,AA)",532,463,89,132,87,28,6,11,64,54,157,14,0,0.285,0.361,0.443,C/1B,
Bo Davidso,23,815589,"A+,AA",SFG,"SFG (A+,AA)",640,556,94,157,105,22,7,23,93,77,143,20,6,0.282,0.369,0.471,OF,
Roc Riggi,24,691792,"A+,AA,CPX",NYY,"NYY (A+,AA,CPX)",500,425,80,111,56,28,1,26,81,63,120,23,12,0.261,0.364,0.515,2B,
Dylan Campbel,23,694749,"A+,AA",PHI,"PHI (A+,AA)",640,569,78,121,68,31,3,19,81,60,143,35,14,0.213,0.291,0.378,OF,
Poncho Rui,24,695000,"A,A+,AA",MIN,"MIN (A,A+,AA)",376,313,42,77,52,23,0,2,31,58,77,1,1,0.246,0.367,0.339,C,
Dillon Hea,21,702977,"A,A+",MIA,"MIA (A,A+)",471,399,63,84,66,5,9,4,42,64,91,38,9,0.211,0.323,0.298,OF,
Caden Conno,25,804645,"A+,AA,AAA",CHW,"CHW (A+,AA,AAA)",665,578,73,159,126,23,1,9,83,72,107,15,7,0.275,0.354,0.365,1B/OF,
Blake Mitchel,21,805810,"A+,CPX",KCR,"KCR (A+,CPX)",385,285,54,59,39,10,1,9,34,91,125,19,8,0.207,0.404,0.344,C,
Justin Johnso,26,813386,AA,KCR,KCR (AA),409,358,44,79,52,19,0,8,37,41,100,13,1,0.221,0.302,0.341,2B,
Ryan Galani,26,814436,"A+,AA,AAA",CHW,"CHW (A+,AA,AAA)",637,565,79,151,97,32,5,17,111,50,108,15,3,0.267,0.33,0.432,1B,
Wilson Rodrigue,21,815147,"A,A+,CPX",NYY,"NYY (A,A+,CPX)",345,281,44,67,44,15,3,5,33,48,63,18,6,0.238,0.353,0.367,OF,
Garrett Marti,26,682003,AA,NYY,NYY (AA),551,490,74,114,69,18,2,25,71,37,126,26,7,0.233,0.3,0.431,OF,
Tavian Josenberge,24,694444,"A+,AA,CPX",BAL,"BAL (A+,AA,CPX)",399,321,54,66,44,11,3,8,42,64,101,37,11,0.206,0.337,0.333,2B/OF,
Dominic Pitell,24,694689,"AA,AAA",CIN,"CIN (AA,AAA)",433,376,49,72,51,14,3,4,34,46,140,21,4,0.191,0.283,0.277,2B/SS,
Nick Loruss,25,700681,AA,NYM,NYM (AA),552,489,51,114,68,34,2,10,67,48,136,8,4,0.233,0.304,0.372,1B/3B,
Kehden Hettige,22,800607,"A,A+,AA",PHI,"PHI (A,A+,AA)",504,428,53,90,51,24,2,13,64,69,151,4,2,0.21,0.319,0.367,C/1B,
Matthew Etze,24,803033,"A,AA,AAA",TBR,"TBR (A,AA,AAA)",503,426,63,101,74,14,3,10,65,71,122,30,10,0.237,0.345,0.354,OF,
George Wolko,20,805804,"A,A+",CHW,"CHW (A,A+)",635,545,74,118,78,20,2,18,91,68,195,34,9,0.217,0.312,0.36,OF,
Stone Russel,22,806212,A,KCR,KCR (A),579,489,52,113,81,19,7,6,64,72,113,9,7,0.231,0.338,0.335,1B/2B/3B,
Bernard Moo,21,807239,A,CIN,CIN (A),609,526,85,129,78,37,3,11,77,53,135,23,11,0.245,0.329,0.39,2B,
Charles McAdo,24,807727,"AA,AAA",TOR,"TOR (AA,AAA)",653,579,87,147,94,29,2,22,66,68,169,40,9,0.254,0.334,0.425,3B,
Carter Graha,24,807728,"A,A+",CIN,"CIN (A,A+)",523,459,59,112,78,21,1,12,53,43,108,12,2,0.244,0.318,0.373,1B/3B,
Carson Roccafort,24,811287,"A+,AA",KCR,"KCR (A+,AA)",714,594,111,152,79,36,9,28,101,105,213,52,20,0.256,0.371,0.488,OF,
Devin Saltiba,21,813880,"A,A+,CPX",PHI,"PHI (A,A+,CPX)",487,446,62,90,55,20,7,8,46,27,144,30,7,0.202,0.263,0.332,2B/OF,
Dustin Dickerso,25,815039,"AA,AAA",KCR,"KCR (AA,AAA)",566,470,63,101,76,17,2,6,36,84,136,25,8,0.215,0.339,0.298,SS,
Coby Morale,24,815089,"A+,AA",NYY,"NYY (A+,AA)",620,552,80,138,92,28,3,15,76,60,159,25,5,0.25,0.327,0.393,1B/OF,
Dylan Jass,23,815734,AA,NYY,NYY (AA),620,547,68,134,94,19,7,14,83,52,154,2,2,0.245,0.318,0.382,1B/3B,
Jonathon Lon,24,675085,AAA,CHC,CHC (AAA),780,667,107,205,147,32,4,22,117,97,153,3,0,0.307,0.4,0.466,1B,
Josh Moyla,23,694742,A+,NYY,NYY (A+),561,472,55,100,61,25,4,10,65,74,183,9,3,0.212,0.326,0.345,1B/3B,
Eric Bitont,20,800724,"A,A+",MIL,"MIL (A,A+)",629,528,78,127,77,26,0,24,92,89,214,23,10,0.241,0.35,0.426,1B/3B,
Cooper Prat,21,806198,"AA,AAA",MIL,"MIL (AA,AAA)",679,561,87,130,92,25,3,10,76,90,100,42,6,0.232,0.342,0.34,SS,
Alfonsin Rosari,22,806210,"A+,AA",CLE,"CLE (A+,AA)",577,507,80,124,68,26,3,27,78,56,172,16,2,0.245,0.333,0.467,OF,
Mac Horvat,24,690991,"A+,AA",TBR,"TBR (A+,AA)",569,489,93,116,77,18,2,19,77,68,129,51,10,0.237,0.327,0.399,3B/OF,
LuJames Groove,24,694410,"AA,AAA",ARI,"ARI (AA,AAA)",735,620,98,192,145,33,1,13,88,92,108,4,2,0.31,0.404,0.429,3B,
Adrian Santan,20,803745,A+,TBR,TBR (A+),533,475,82,126,103,18,2,3,50,43,65,55,13,0.265,0.326,0.331,SS,
Arjun Nimmal,20,805796,"A+,AA",TOR,"TOR (A+,AA)",679,589,89,138,78,40,3,17,83,73,147,20,6,0.234,0.325,0.399,SS,
Nazzan Zanetell,21,805801,A+,BOS,BOS (A+),380,313,55,53,33,13,0,7,33,57,143,19,4,0.169,0.311,0.278,2B/SS,
Walker Jenkin,21,805805,"A,AA,AAA,CPX",MIN,"MIN (A,AA,AAA,CPX)",482,398,71,111,74,23,2,12,43,69,94,22,5,0.279,0.398,0.437,OF,
John Pec,23,807726,"A+,AA",DET,"DET (A+,AA)",650,595,114,173,118,37,1,17,94,44,161,30,8,0.291,0.343,0.442,3B/SS,
Colton Ledbette,24,807742,"AA,AAA",TBR,"TBR (AA,AAA)",670,586,84,146,104,27,7,8,61,62,179,43,12,0.249,0.323,0.36,OF,
Tre' Morga,23,691003,AAA,TBR,TBR (AAA),426,351,54,95,67,16,3,9,48,65,85,8,4,0.271,0.39,0.41,1B,
Brayden Taylo,24,694966,AA,TBR,TBR (AA),543,460,57,80,49,17,3,11,56,76,141,21,3,0.174,0.29,0.296,3B,
Colt Emerso,20,806068,"A+,AA,AAA",SEA,"SEA (A+,AA,AAA)",756,642,106,179,114,35,7,23,103,86,146,23,8,0.279,0.375,0.463,SS,
Alberth Palm,20,808285,"A,CPX",TBR,"TBR (A,CPX)",382,316,48,84,73,7,4,0,39,51,46,28,10,0.266,0.38,0.313,SS,
Carson Rucke,21,813620,A,DET,DET (A),555,488,68,115,87,18,5,5,62,51,150,17,3,0.236,0.319,0.324,3B,
Brett Callaha,24,814430,"A+,AA,CPX",DET,"DET (A+,AA,CPX)",389,341,58,93,57,16,5,15,65,33,89,21,5,0.273,0.347,0.481,OF,
Boston Bar,20,805951,A+,NYM,NYM (A+),433,393,43,88,63,16,5,4,38,31,88,28,2,0.224,0.282,0.321,3B/SS,
Colin Houc,21,806124,"A,A+",NYM,"NYM (A,A+)",601,527,74,119,73,27,7,12,62,60,206,16,4,0.226,0.306,0.372,3B/SS,
Tai Peet,20,806191,A+,SEA,SEA (A+),667,598,80,137,71,35,7,24,86,61,206,30,16,0.229,0.302,0.431,SS/OF,
Darling Fernande,20,807000,CPX,OAK,OAK (CPX),166,130,23,36,28,4,3,1,15,32,38,4,2,0.277,0.422,0.377,OF,
Kyle Henle,21,806120,A,CIN,CIN (A),574,513,97,141,114,22,4,1,48,40,184,74,12,0.275,0.337,0.339,OF,
Ralphy Velazque,21,806252,"A+,AA",CLE,"CLE (A+,AA)",695,612,96,168,95,35,11,27,109,72,130,2,3,0.275,0.357,0.5,1B,
Maxton Marti,21,807722,"A,A+",TEX,"TEX (A,A+)",634,556,99,142,80,35,10,17,82,65,151,21,1,0.255,0.342,0.446,OF,
Donte Gran,20,815579,CPX,SDP,SDP (CPX),252,200,38,48,32,10,5,1,26,28,61,17,4,0.24,0.378,0.355,OF,
Cooper Ingl,24,694876,"AA,AAA",CLE,"CLE (AA,AAA)",596,477,86,129,75,39,0,15,74,109,106,1,2,0.27,0.408,0.447,C,
Alex Moone,23,695612,AA,CLE,CLE (AA),560,474,68,94,63,23,2,6,56,61,161,35,5,0.198,0.293,0.293,3B/SS,
Kevin Bruggema,24,815755,"A,A+",LAA,"LAA (A,A+)",409,312,56,67,44,12,7,4,42,72,76,11,3,0.215,0.382,0.337,C,
Jackson Castill,23,814431,"A+,AA",NYY,"NYY (A+,AA)",576,496,70,123,92,22,1,8,63,70,116,22,1,0.248,0.345,0.345,OF,
Antonio Anderso,21,702995,"A,A+",BOS,"BOS (A,A+)",434,377,52,88,65,17,1,5,51,45,127,1,2,0.233,0.316,0.324,3B,
Josh Adamczewsk,21,815304,"A,A+,CPX",MIL,"MIL (A,A+,CPX)",424,347,80,111,72,22,5,12,68,62,76,11,1,0.32,0.423,0.516,2B/OF,
George Lombard Jr,21,806146,"A+,AA,AAA",NYY,"NYY (A+,AA,AAA)",729,591,114,141,83,40,5,13,59,115,174,41,12,0.239,0.374,0.389,SS,
Rikuu Nishid,25,807747,"AA,AAA",CHW,"CHW (AA,AAA)",667,534,105,152,133,15,3,1,39,100,95,52,15,0.285,0.415,0.33,2B/OF,
Jake Cunningha,23,801507,A+,BAL,BAL (A+),377,331,49,79,50,19,1,9,44,39,118,28,8,0.239,0.324,0.384,OF,
Jaron Elkin,21,814696,A,LAD,LAD (A),663,570,109,152,95,36,7,14,95,61,198,79,9,0.267,0.358,0.428,OF,
Leo De Vrie,19,815888,"A+,AA",OAK,"OAK (A+,AA)",691,588,95,150,89,33,8,20,88,81,142,21,11,0.255,0.353,0.44,SS,
Sam Brow,24,694848,AA,WSN,WSN (AA),614,515,59,136,95,26,6,9,67,83,115,3,1,0.264,0.373,0.39,1B,
Maui Ahun,24,694757,"A,A+,AA,CPX",SFG,"SFG (A,A+,AA,CPX)",396,342,72,87,47,29,3,8,54,43,114,20,4,0.254,0.347,0.427,SS,
Colby Shad,24,694974,"A+,AA",MIA,"MIA (A+,AA)",466,378,73,91,63,19,4,5,36,67,118,60,8,0.241,0.383,0.352,OF,
Noah Myer,26,671956,"A+,AA,CPX",TBR,"TBR (A+,AA,CPX)",449,356,70,85,61,13,2,9,49,83,117,37,1,0.239,0.386,0.362,OF,
Felnin Celeste,20,806958,"A,A+",SEA,"SEA (A,A+)",612,535,85,153,113,27,4,9,82,68,137,28,12,0.286,0.368,0.402,SS,
Julian Broc,25,683149,"A+,AA",TEX,"TEX (A+,AA)",389,341,46,75,52,18,0,5,45,37,105,13,8,0.22,0.306,0.317,C,
Christian Knapczy,24,694387,"A+,AA",CLE,"CLE (A+,AA)",641,550,77,134,99,25,2,8,56,74,137,13,5,0.244,0.344,0.34,2B,
Nelly Taylo,23,807511,"A+,AA",BOS,"BOS (A+,AA)",577,474,75,93,54,27,3,9,46,93,167,36,13,0.196,0.331,0.323,OF,
Walker Marti,22,806152,"A,A+",SFG,"SFG (A,A+)",595,505,83,119,78,22,3,16,90,82,172,22,4,0.236,0.35,0.386,3B/SS,
John Michael Fail,26,702114,A+,CIN,CIN (A+),411,376,43,91,57,21,0,13,58,29,109,1,1,0.242,0.302,0.402,1B,
Drew Davie,20,806730,"A,CPX",CIN,"CIN (A,CPX)",426,333,67,84,62,15,3,4,50,81,99,13,4,0.252,0.403,0.351,1B/OF,
Nico Pere,21,703639,"A,A+",LAD,"LAD (A,A+)",392,325,69,97,63,22,3,9,71,52,84,50,10,0.298,0.399,0.468,2B,
Noah Barbe,21,815585,CPX,KCR,KCR (CPX),189,169,26,31,17,9,4,1,21,14,82,9,4,0.183,0.261,0.302,OF,
Payton Eele,26,823356,"A,A+,AAA",MIN,"MIN (A,A+,AAA)",499,410,69,110,92,12,2,4,39,64,84,28,10,0.268,0.39,0.337,2B/SS,
Patrick Le,26,815268,"A,A+",DET,"DET (A,A+)",407,333,46,73,53,12,2,6,42,63,153,47,8,0.219,0.359,0.321,OF,
Travis Honeyma,24,802469,"A,A+,AA",STL,"STL (A,A+,AA)",476,389,77,113,93,13,2,5,41,63,82,22,1,0.29,0.41,0.373,OF,
Adolfo Sanche,19,807645,"CPX,DSL",CIN,"CIN (CPX,DSL)",182,141,40,44,31,8,3,2,29,30,32,11,5,0.312,0.462,0.454,OF,
Pablo Nune,18,807647,DSL,CIN,CIN (DSL),157,104,42,34,28,4,1,1,13,41,6,16,4,0.327,0.542,0.413,OF,
Naibel Marian,19,807648,"CPX,DSL",CIN,"CIN (CPX,DSL)",171,162,25,43,29,8,2,4,30,7,37,9,3,0.265,0.304,0.414,SS,
Isael Aria,20,811551,CPX,NYY,NYY (CPX),219,194,26,35,27,6,1,1,20,19,46,26,2,0.18,0.257,0.237,OF,
Paulino Santan,19,815889,"A,CPX",TEX,"TEX (A,CPX)",457,391,69,102,70,18,7,7,45,51,136,20,11,0.261,0.361,0.396,OF,
Dawel Josep,18,815892,DSL,SEA,SEA (DSL),211,161,26,30,20,7,0,3,18,40,64,20,5,0.186,0.37,0.286,3B/SS,
Yovanny Rodrigue,19,815898,"CPX,DSL",NYM,"NYM (CPX,DSL)",202,167,33,54,32,14,1,7,36,28,46,4,1,0.323,0.431,0.545,C,
Leonardo Pined,19,815904,CPX,TBR,TBR (CPX),186,149,25,28,22,5,1,0,12,28,52,5,3,0.188,0.335,0.235,OF,
Luis Cov,19,815909,"CPX,DSL",MIA,"MIA (CPX,DSL)",249,200,61,58,34,12,2,10,39,41,47,41,9,0.29,0.422,0.52,OF,
Yolfran Castill,19,815931,"A,A+,CPX",TEX,"TEX (A,A+,CPX)",530,473,68,128,93,25,9,1,61,43,100,42,5,0.271,0.338,0.368,SS,
Leandro Romer,19,815933,"CPX,DSL",SEA,"SEA (CPX,DSL)",213,182,38,52,29,13,1,9,38,24,47,6,4,0.286,0.366,0.516,2B/SS,
Bohan Adderle,19,816339,CPX,NYM,NYM (CPX),218,186,22,33,25,4,1,3,19,28,66,26,6,0.177,0.294,0.258,3B/SS,
Rashawn Pinde,19,816344,CPX,TEX,TEX (CPX),233,205,31,49,36,6,5,2,22,19,65,11,5,0.239,0.316,0.346,OF,
Justin Capella,19,820886,"CPX,DSL",NYY,"NYY (CPX,DSL)",211,173,37,43,23,12,1,7,42,27,43,17,4,0.249,0.365,0.451,C,
Yordani Martine,19,820969,"CPX,DSL",MIA,"MIA (CPX,DSL)",208,162,39,40,25,8,5,2,32,38,42,33,6,0.247,0.404,0.395,2B,
Carlos Matia,18,820993,DSL,TBR,TBR (DSL),182,146,25,35,28,6,0,1,27,20,26,20,6,0.24,0.356,0.301,OF,
Dexters Peralt,18,820996,CPX,NYY,NYY (CPX),195,167,23,28,20,3,1,4,14,23,62,11,3,0.168,0.272,0.269,SS,
Richard Mati,18,821043,"CPX,DSL",NYY,"NYY (CPX,DSL)",229,177,52,59,36,15,3,5,34,44,49,15,6,0.333,0.472,0.537,3B,
Iverson Alle,17,821044,DSL,PIT,PIT (DSL),154,110,18,26,19,2,4,1,18,29,36,18,0,0.236,0.438,0.355,OF,
Jirvin Morill,19,821073,"CPX,DSL",CIN,"CIN (CPX,DSL)",161,133,24,36,21,9,1,5,32,27,28,6,2,0.271,0.394,0.466,C,
Jos\xc3\xa9 Castr,18,821078,DSL,MIA,MIA (DSL),238,193,46,51,21,14,0,16,51,34,62,8,7,0.264,0.399,0.585,OF,
Frankeli Mest,18,821094,DSL,PIT,PIT (DSL),196,156,24,39,31,5,3,0,17,33,38,5,4,0.25,0.381,0.321,3B,
Justin Gonzale,19,821100,"A,A+,CPX",BOS,"BOS (A,A+,CPX)",553,482,76,137,96,29,3,9,52,53,88,12,11,0.284,0.371,0.413,OF,
Avinson Pint,19,821130,"A,CPX",BOS,"BOS (A,CPX)",283,245,42,57,38,10,7,2,22,32,52,24,9,0.233,0.318,0.355,SS,
Josue Brit,19,821147,"CPX,DSL",BOS,"BOS (CPX,DSL)",182,131,35,35,17,8,0,10,35,44,38,15,2,0.267,0.467,0.557,1B/OF,
Enddy Azoca,19,821150,"A,CPX",BOS,"BOS (A,CPX)",488,442,67,108,68,25,4,11,50,36,110,21,4,0.244,0.308,0.394,OF,
Givian Sirvani,18,821154,"CPX,DSL",BOS,"BOS (CPX,DSL)",186,155,22,38,28,5,4,1,21,23,38,17,2,0.245,0.366,0.348,2B/OF,
Ilan Fernande,19,821180,"A,CPX",BOS,"BOS (A,CPX)",214,177,30,40,28,9,1,2,18,28,45,17,4,0.226,0.341,0.322,2B/SS,
Moises Boliva,18,821240,CPX,LAD,LAD (CPX),231,209,25,42,36,4,0,2,19,18,70,2,0,0.201,0.268,0.249,3B,
Omar Meji,18,821597,DSL,KCR,KCR (DSL),163,138,25,32,25,4,0,3,23,14,40,7,2,0.232,0.317,0.326,3B,
Deinys Gonzale,19,821637,"CPX,DSL",TBR,"TBR (CPX,DSL)",201,160,28,48,32,7,3,6,37,25,31,1,1,0.3,0.42,0.494,C,
Santiago Camach,19,821666,CPX,SFG,SFG (CPX),167,149,20,35,18,10,2,5,28,13,29,0,0,0.235,0.305,0.43,C,
Kendrick Herrer,19,821696,CPX,PIT,PIT (CPX),220,183,31,43,36,5,1,1,19,31,44,7,1,0.235,0.361,0.29,SS,
Amauri Ramire,18,821752,DSL,HOU,HOU (DSL),175,144,23,32,21,8,1,2,15,21,46,5,6,0.222,0.343,0.333,OF,
Andres Torre,19,821770,"CPX,DSL",TBR,"TBR (CPX,DSL)",216,163,32,47,38,9,0,0,31,38,28,9,5,0.288,0.437,0.344,C/1B,
Sandy Lucian,18,821773,DSL,KCR,KCR (DSL),175,153,22,38,32,6,0,0,21,21,18,2,2,0.248,0.337,0.288,OF,
Aaron Piner,18,821775,DSL,TBR,TBR (DSL),179,141,27,37,24,11,0,2,25,24,30,13,1,0.262,0.402,0.383,2B/3B,
Angel Brach,18,821791,DSL,TBR,TBR (DSL),228,184,49,62,51,9,2,0,21,26,18,17,5,0.337,0.453,0.408,2B/SS,
Yojanser Calzad,19,821814,"CPX,DSL",CIN,"CIN (CPX,DSL)",182,148,47,44,38,3,3,0,15,31,37,42,6,0.297,0.425,0.358,OF,
Eduardo Ponc,18,823866,CPX,SEA,SEA (CPX),194,162,27,35,28,3,1,3,23,27,29,1,0,0.216,0.335,0.302,C,
Diwarys Encarnacio,19,827285,DSL,MIA,MIA (DSL),216,182,40,53,34,11,0,8,44,27,30,25,5,0.291,0.398,0.484,SS,
Eyeksson Roja,19,811325,CPX,WSN,WSN (CPX),151,131,20,33,28,2,1,2,25,13,25,4,1,0.252,0.333,0.328,2B,
Edgar Lug,20,814812,DSL,DET,DET (DSL),152,135,27,44,36,7,0,1,19,9,18,8,5,0.326,0.38,0.4,2B/OF,
Maylerson Casanov,19,815004,"CPX,DSL",PHI,"PHI (CPX,DSL)",154,138,21,37,27,6,3,1,16,11,43,12,2,0.268,0.338,0.377,2B/SS,
Jose Famili,18,815007,CPX,PHI,PHI (CPX),176,159,10,26,21,5,0,0,10,15,65,3,1,0.164,0.244,0.195,SS,
Anderson Nava,18,815014,DSL,PHI,PHI (DSL),173,164,25,42,27,10,3,2,21,6,41,7,2,0.256,0.289,0.39,C/1B,
Josueth Quinone,19,815017,"CPX,DSL",PHI,"PHI (CPX,DSL)",166,135,25,35,29,4,0,2,16,16,15,5,1,0.259,0.386,0.333,OF,
Daiber De Los Santo,19,815893,CPX,MIN,MIN (CPX),201,169,32,29,12,10,2,5,19,23,97,15,8,0.172,0.299,0.343,SS,
Adriel Radne,19,815895,"CPX,DSL",ARI,"ARI (CPX,DSL)",236,203,37,51,36,7,5,3,38,26,47,19,3,0.251,0.343,0.379,OF,
Emil Morale,19,815896,"A,CPX",LAD,"LAD (A,CPX)",572,496,102,157,94,39,6,18,100,63,152,13,4,0.317,0.395,0.528,SS,
Victor Hurtad,19,815900,"CPX,DSL",WSN,"WSN (CPX,DSL)",174,145,20,34,28,3,1,2,15,19,25,6,3,0.234,0.353,0.31,OF,
Eduardo Herrer,19,815901,"CPX,DSL",CHW,"CHW (CPX,DSL)",183,141,24,34,21,8,0,5,34,34,42,2,1,0.241,0.393,0.404,1B/3B,
Ashly Anduja,18,815903,CPX,COL,COL (CPX),249,217,37,70,62,8,0,0,25,20,37,8,3,0.323,0.38,0.359,SS,
Angel Feli,19,815906,"A,A+,CPX",WSN,"WSN (A,A+,CPX)",492,418,72,104,76,16,6,6,65,62,103,26,11,0.249,0.344,0.359,SS,
Francisco Vilori,18,815910,DSL,NYY,NYY (DSL),217,183,39,51,38,10,3,0,19,30,54,8,5,0.279,0.387,0.366,OF,
Joswa Lug,19,815915,CPX,LAA,LAA (CPX),188,156,26,44,29,11,0,4,32,27,49,1,4,0.282,0.399,0.429,SS,
Angel Guzma,19,815917,"CPX,DSL",TOR,"TOR (CPX,DSL)",221,181,23,42,29,8,2,3,28,35,33,11,3,0.232,0.353,0.348,2B/SS,
Yohendry Sanche,19,815921,"CPX,DSL",SFG,"SFG (CPX,DSL)",189,157,24,47,33,11,2,1,34,22,25,0,0,0.299,0.386,0.414,C,
Adbiel Feli,19,815925,"CPX,DSL",PIT,"PIT (CPX,DSL)",165,130,31,29,25,2,2,0,13,29,12,17,1,0.223,0.369,0.269,2B/SS,
Jhonny Leve,19,815929,"A,CPX",SFG,"SFG (A,CPX)",550,474,104,135,90,22,6,17,80,62,94,31,9,0.285,0.369,0.464,SS,
Irvin Nune,20,815966,"A,CPX",MIN,"MIN (A,CPX)",213,161,34,36,28,4,2,2,24,40,43,7,1,0.224,0.394,0.311,C/1B,
Juan Alvare,20,816085,"CPX,DSL",ARI,"ARI (CPX,DSL)",194,172,25,46,31,10,2,3,38,15,44,4,1,0.267,0.337,0.401,1B,
Ivan Cespede,20,816406,"CPX,DSL",CHC,"CHC (CPX,DSL)",152,138,17,39,26,6,0,7,26,12,37,4,1,0.283,0.342,0.478,C/1B,
Alfredo Benza,19,820968,"CPX,DSL",ARI,"ARI (CPX,DSL)",256,213,43,65,46,11,7,1,33,35,46,18,5,0.305,0.405,0.437,OF,
Yensi Riva,18,820979,DSL,NYM,NYM (DSL),164,138,27,36,31,4,0,1,10,21,33,23,8,0.261,0.378,0.312,3B/SS,
Hayden Alvare,19,820986,"A,CPX",LAA,"LAA (A,CPX)",441,372,76,118,93,16,4,5,60,56,83,47,12,0.317,0.406,0.422,OF,
Jose Dickso,18,820988,CPX,DET,DET (CPX),171,148,23,31,23,4,1,3,21,20,42,9,2,0.209,0.304,0.311,SS,
Christofer Reye,17,820991,DSL,NYY,NYY (DSL),165,143,30,35,26,7,1,1,13,19,48,26,6,0.245,0.339,0.329,2B/SS,
Raily Lirian,18,820995,DSL,ARI,ARI (DSL),215,187,39,53,34,13,2,4,23,17,56,23,8,0.283,0.355,0.439,OF,
Greylin De La Pa,19,821000,"CPX,DSL",LAA,"LAA (CPX,DSL)",221,172,41,52,36,11,4,1,21,42,37,9,7,0.302,0.443,0.43,3B,
J.T. Bai,17,821004,DSL,TOR,TOR (DSL),163,129,23,20,11,4,2,3,21,25,69,7,2,0.155,0.321,0.287,OF,
Rafael Flore,19,821012,"CPX,DSL",TOR,"TOR (CPX,DSL)",191,144,33,37,29,5,1,2,24,26,31,13,2,0.257,0.424,0.347,OF,
Estivenzon Monter,19,821028,"CPX,DSL",NYY,"NYY (CPX,DSL)",196,167,25,47,30,7,2,8,30,26,58,9,5,0.281,0.383,0.491,OF,
Roldy Brit,19,821041,"A,CPX",COL,"COL (A,CPX)",518,453,105,161,114,28,11,8,70,49,94,42,18,0.355,0.422,0.519,2B/OF,
Erick De La Cru,18,821057,DSL,ARI,ARI (DSL),169,144,37,49,31,12,2,4,35,18,23,11,4,0.34,0.414,0.535,OF,
Randy Sot,18,821079,DSL,TOR,TOR (DSL),213,168,17,33,24,8,1,0,27,40,33,2,0,0.196,0.362,0.256,C/1B,
Eriel Dihig,19,821128,"CPX,DSL",COL,"COL (CPX,DSL)",255,191,49,51,36,6,5,4,31,51,36,16,6,0.267,0.439,0.414,3B,
Luis De La Cru,19,821139,"A,CPX",CLE,"CLE (A,CPX)",312,257,48,70,55,11,2,2,51,39,67,36,7,0.272,0.383,0.354,1B/3B,
Josmir Reye,19,821145,"CPX,DSL",NYM,"NYM (CPX,DSL)",218,172,33,51,31,13,2,5,30,39,18,7,3,0.297,0.427,0.483,C/1B,
Yeiferth Castill,19,821151,"A,CPX",CLE,"CLE (A,CPX)",317,283,37,76,57,12,0,7,46,26,37,4,1,0.269,0.331,0.385,OF,
Francisco Loret,19,821244,CPX,PHI,PHI (CPX),205,180,30,41,25,10,1,5,17,20,49,2,0,0.228,0.322,0.378,3B,
Edward Florentin,19,821273,"A,A+,CPX",PIT,"PIT (A,A+,CPX)",433,358,76,104,53,26,2,23,79,61,95,38,9,0.291,0.398,0.567,OF,
Pedro Blanc,19,821380,"A,CPX",ARI,"ARI (A,CPX)",250,217,28,53,30,16,5,2,27,26,88,1,1,0.244,0.336,0.392,1B/OF,
Pascual Archil,19,821413,"CPX,DSL",TOR,"TOR (CPX,DSL)",263,192,42,49,34,13,0,2,28,58,61,21,4,0.255,0.444,0.354,OF,
Juarlin Sot,18,821419,DSL,TOR,TOR (DSL),208,162,17,35,24,9,0,2,26,36,30,1,0,0.216,0.37,0.309,3B,
Jose Marcan,18,821607,DSL,TEX,TEX (DSL),149,126,29,34,25,6,0,3,32,19,15,4,4,0.27,0.369,0.389,C/1B,
Luis Fragoz,19,821613,CPX,MIN,MIN (CPX),192,156,29,34,23,10,0,1,16,20,44,18,3,0.218,0.354,0.301,OF,
Evan Esteve,18,821620,"CPX,DSL",SFG,"SFG (CPX,DSL)",248,205,39,55,34,13,3,5,44,37,68,13,4,0.268,0.391,0.434,1B/OF,
Leider Padill,18,821636,DSL,LAD,LAD (DSL),159,127,20,30,22,5,0,3,30,25,43,9,0,0.236,0.377,0.346,OF,
Manni Ramire,18,821642,DSL,TEX,TEX (DSL),167,142,29,39,21,10,1,7,24,20,42,5,3,0.275,0.377,0.507,OF,
Anthony Marque,19,821645,"CPX,DSL",SFG,"SFG (CPX,DSL)",240,190,48,53,37,14,1,1,27,44,32,14,4,0.279,0.423,0.379,2B/SS,
Jurdrick Profa,19,821673,CPX,CHW,CHW (CPX),166,146,21,28,19,5,1,3,18,18,58,5,6,0.192,0.289,0.301,2B/SS,
David Carrer,18,821683,DSL,NYY,NYY (DSL),167,128,33,34,29,3,0,2,16,34,37,14,6,0.266,0.419,0.336,OF,
Cristian Arguelle,19,821692,"CPX,DSL",COL,"COL (CPX,DSL)",268,209,63,86,57,17,7,5,60,43,30,7,7,0.411,0.528,0.632,OF,
Reyli Marian,19,821697,"CPX,DSL",LAD,"LAD (CPX,DSL)",168,134,34,46,25,10,7,4,34,32,27,15,5,0.343,0.47,0.612,2B/SS,
Oliver Tejad,19,821762,CPX,SFG,SFG (CPX),247,203,37,54,32,18,3,1,25,23,50,7,1,0.266,0.382,0.399,OF,
Carlos Villarroe,18,821803,DSL,NYY,NYY (DSL),163,135,27,32,20,4,0,8,24,22,45,7,4,0.237,0.358,0.444,C/1B,
Joshua Franci,19,821806,"CPX,DSL",SEA,"SEA (CPX,DSL)",180,155,25,45,37,4,3,1,15,18,29,12,0,0.29,0.383,0.374,2B/OF,
Herlinton Herrer,18,821824,DSL,COL,COL (DSL),162,126,21,29,19,7,2,1,19,28,30,10,3,0.23,0.384,0.341,1B/2B,
Ramiro Domingue,19,823719,"A,CPX",MIN,"MIN (A,CPX)",255,217,40,55,27,22,0,6,33,31,32,20,2,0.253,0.365,0.438,2B,
Rainiel Rodrigue,19,823787,"A,A+,AA,CPX",STL,"STL (A,A+,AA,CPX)",506,415,85,118,62,30,2,24,84,75,91,8,6,0.284,0.407,0.54,C,
Yorman Licour,22,827326,"A,CPX",TOR,"TOR (A,CPX)",372,309,52,66,33,18,2,13,65,57,135,2,4,0.214,0.341,0.411,OF,
Jorge Quintan,19,815894,"A,CPX",SDP,"SDP (A,CPX)",454,392,57,94,66,20,3,5,35,52,120,31,11,0.24,0.333,0.344,SS,
Jes\xc3\xbas Mad,19,815908,"A,A+,AA",MIL,"MIL (A,A+,AA)",684,593,107,165,114,33,9,9,81,85,134,62,15,0.278,0.37,0.41,SS,
Edgar Monter,19,815911,"A,DSL",OAK,"OAK (A,DSL)",330,248,56,67,38,15,3,11,58,73,87,11,4,0.27,0.433,0.488,SS,
Emilio Sanche,19,815916,"CPX,DSL",BAL,"BAL (CPX,DSL)",228,180,35,38,32,4,2,0,6,41,67,20,5,0.211,0.364,0.256,3B/SS,
Jose Ramo,19,815927,"CPX,DSL",OAK,"OAK (CPX,DSL)",203,168,33,54,34,14,4,2,33,28,40,13,7,0.321,0.426,0.488,OF,
Israfell Bautist,19,820984,"CPX,DSL",TBR,"TBR (CPX,DSL)",242,193,67,55,49,4,2,0,22,43,40,49,5,0.285,0.421,0.326,OF,
Samuel Gonzale,19,820997,"CPX,DSL",OAK,"OAK (CPX,DSL)",223,183,40,47,34,10,1,2,28,27,28,14,5,0.257,0.377,0.355,2B,
Diorland Zambran,19,821045,"CPX,DSL",CIN,"CIN (CPX,DSL)",193,169,27,44,35,7,0,2,27,18,13,5,3,0.26,0.339,0.337,1B/SS,
Handelfry Encarnacio,19,821136,"A,CPX",MIL,"MIL (A,CPX)",484,425,65,99,56,30,2,11,72,51,94,11,9,0.233,0.326,0.391,OF,
Frederi Monter,19,821149,"A,CPX",MIL,"MIL (A,CPX)",367,311,44,75,58,12,1,4,46,50,95,6,6,0.241,0.349,0.325,1B/3B,
Jonathan Range,19,821158,"CPX,DSL",MIL,"MIL (CPX,DSL)",178,132,35,40,23,6,7,4,32,34,33,5,0,0.303,0.446,0.545,1B,
Engel Paulin,19,821162,CPX,MIL,MIL (CPX),187,153,30,37,23,9,4,1,19,31,65,20,2,0.242,0.369,0.373,OF,
Juan Martine,19,821197,"CPX,DSL",MIL,"MIL (CPX,DSL)",212,175,40,57,34,14,7,2,24,32,25,27,1,0.326,0.443,0.52,2B/3B,
Moises Polanc,19,821199,"CPX,DSL",MIL,"MIL (CPX,DSL)",211,162,41,47,31,13,1,2,38,45,32,11,3,0.29,0.445,0.42,2B/SS,
Jos\xc3\xa9 Anderso,19,821262,"A,CPX",MIL,"MIL (A,CPX)",529,464,58,91,45,23,5,18,66,51,172,14,6,0.196,0.287,0.384,OF,
Luis Pe\xc3\xb1,19,821270,"A,A+",MIL,"MIL (A,A+)",470,417,81,117,81,19,7,10,72,42,78,50,9,0.281,0.349,0.432,2B/SS,
Alexander Rinco,18,821654,DSL,BAL,BAL (DSL),210,184,27,51,44,5,2,0,23,21,26,26,7,0.277,0.356,0.326,OF,
Eduardo Roja,19,821672,"CPX,DSL",LAD,"LAD (CPX,DSL)",167,126,26,33,27,5,0,1,12,36,16,9,4,0.262,0.443,0.325,C,
Christian Astudill,19,821682,"CPX,DSL",BAL,"BAL (CPX,DSL)",196,159,30,36,25,9,0,2,28,29,27,0,0,0.226,0.367,0.321,C/1B,
Argenis Valde,18,821703,DSL,BAL,BAL (DSL),169,141,18,34,22,9,2,1,23,20,28,9,2,0.241,0.343,0.355,OF,
Hector Campusan,19,821763,"CPX,DSL",BAL,"BAL (CPX,DSL)",208,148,38,46,40,4,2,0,34,52,29,21,3,0.311,0.49,0.365,2B/OF,
Luis Corob,19,821818,"A,CPX",MIL,"MIL (A,CPX)",173,144,19,36,29,7,0,0,25,25,46,1,0,0.25,0.37,0.299,C,
Haniel Germa,19,815182,CPX,NYM,NYM (CPX),145,125,16,24,17,7,0,0,11,16,51,1,1,0.192,0.297,0.248,OF,
Yunior Quezad,19,815757,DSL,LAD,LAD (DSL),166,145,19,28,19,6,2,1,28,14,39,3,4,0.193,0.277,0.283,OF,
Robert Aria,19,815897,"A,CPX",CLE,"CLE (A,CPX)",335,275,59,79,57,15,1,6,49,54,44,46,8,0.287,0.4,0.415,OF,
Yandel Ricard,19,815902,"A,CPX",KCR,"KCR (A,CPX)",475,416,73,109,74,21,10,4,48,42,107,40,10,0.262,0.34,0.389,SS,
Jesmaylin Aria,19,820942,CPX,SDP,SDP (CPX),216,187,13,32,19,9,1,3,22,22,66,3,1,0.171,0.264,0.278,OF,
Cristofer Lebr\xc3\xb3,19,821036,"CPX,DSL",STL,"STL (CPX,DSL)",218,181,41,49,31,13,0,5,38,30,46,13,6,0.271,0.387,0.425,2B/OF,
Juan Espina,19,821042,"CPX,DSL",ATL,"ATL (CPX,DSL)",217,162,43,35,21,5,3,6,25,46,72,24,4,0.216,0.41,0.395,OF,
Alejandro Pereir,19,821163,"CPX,DSL",OAK,"OAK (CPX,DSL)",183,152,20,34,26,8,0,0,19,16,24,4,0,0.224,0.344,0.276,C,
Yaxson Lucen,18,821164,"CPX,DSL",STL,"STL (CPX,DSL)",220,172,37,46,30,10,3,3,35,35,26,5,4,0.267,0.414,0.413,OF,
Juneiker Cacere,18,821181,"A,CPX",CLE,"CLE (A,CPX)",402,337,62,92,60,23,3,6,44,52,47,12,5,0.273,0.381,0.412,OF,
Robin Orti,19,821258,"CPX,DSL",CHC,"CHC (CPX,DSL)",176,143,22,31,22,5,0,4,23,26,39,10,1,0.217,0.358,0.336,OF,
Christopher Alvarad,19,821260,"CPX,DSL",BOS,"BOS (CPX,DSL)",154,118,18,34,21,10,2,1,23,28,25,15,2,0.288,0.429,0.432,2B/3B,
Edgardo De Leo,19,821279,CPX,CHC,CHC (CPX),171,148,27,39,23,6,5,5,18,18,50,5,2,0.264,0.345,0.473,1B/3B,
Juan Mate,19,821379,"A,CPX",ATL,"ATL (A,CPX)",426,382,48,104,87,16,1,0,40,39,82,17,10,0.272,0.339,0.319,3B/SS,
Manuel Dos Passo,19,821604,CPX,ATL,ATL (CPX),165,132,22,29,18,10,0,1,13,26,37,4,2,0.22,0.37,0.318,C,
Jose Bericot,18,821641,DSL,SDP,SDP (DSL),151,121,23,26,22,2,1,1,15,25,37,8,2,0.215,0.353,0.273,OF,
Angel Garci,19,821665,"CPX,DSL",BAL,"BAL (CPX,DSL)",166,139,15,40,27,10,2,1,17,13,30,4,1,0.288,0.398,0.41,OF,
Jemone Nue,19,821688,"CPX,DSL",BAL,"BAL (CPX,DSL)",257,191,54,50,35,9,3,3,16,56,53,48,8,0.262,0.439,0.387,SS,
Francisco Espinoz,19,821689,"A,CPX",LAD,"LAD (A,CPX)",162,138,25,47,35,7,3,2,18,23,27,0,1,0.341,0.438,0.478,C,
Randy Martine,19,821690,"CPX,DSL",CLE,"CLE (CPX,DSL)",205,153,37,37,27,8,1,1,33,48,53,11,3,0.242,0.42,0.327,3B,
Darison Garci,19,821691,CPX,KCR,KCR (CPX),251,197,41,49,38,10,1,0,18,46,59,27,6,0.249,0.394,0.31,2B,
Kevin Robled,18,821694,DSL,MIA,MIA (DSL),167,131,28,34,27,6,0,1,22,28,33,11,2,0.26,0.395,0.328,C/1B,
Jhonayker Ugart,19,821716,CPX,KCR,KCR (CPX),246,200,33,43,34,5,2,2,33,38,70,6,3,0.215,0.347,0.29,3B/SS,
Jhojan Downe,19,821755,"CPX,DSL",SDP,"SDP (CPX,DSL)",183,145,29,30,22,7,1,0,20,33,45,10,4,0.207,0.363,0.269,C,
Johan Rodrigue,18,821759,"A,CPX",CLE,"CLE (A,CPX)",217,186,35,40,22,14,0,4,27,18,46,4,3,0.215,0.318,0.355,2B/SS,
Erny Orellan,18,821786,DSL,LAD,LAD (DSL),160,130,32,33,19,10,0,4,24,24,34,6,2,0.254,0.388,0.423,OF,
Ronald Ramire,19,821790,CPX,DET,DET (CPX),170,141,28,38,30,6,1,1,14,25,34,10,5,0.27,0.388,0.348,2B/SS,
Brayan Cot,18,821794,DSL,OAK,OAK (DSL),166,128,20,22,17,4,1,0,10,28,27,3,2,0.172,0.341,0.219,1B/3B,
Andres Garz,18,823357,DSL,SDP,SDP (DSL),150,117,13,24,20,2,1,1,16,24,42,0,1,0.205,0.369,0.265,C/1B,
Carlos  Garce,19,823727,"CPX,DSL",CLE,"CLE (CPX,DSL)",209,153,34,34,23,5,5,1,22,33,16,19,3,0.222,0.399,0.34,3B/OF,
Edward Lantigu,19,815928,"A,CPX",NYM,"NYM (A,CPX)",228,183,26,49,36,9,1,3,31,35,39,17,10,0.268,0.408,0.377,OF,
Ezequiel Pen,19,821101,"CPX,DSL",CHC,"CHC (CPX,DSL)",156,124,29,39,33,5,1,0,19,30,16,17,3,0.315,0.455,0.371,2B/3B,
Dariel Garci,19,821761,"CPX,DSL",COL,"COL (CPX,DSL)",209,173,48,45,33,11,0,1,22,31,49,24,5,0.26,0.388,0.341,OF,
Tom Guerrer,19,821776,DSL,SDP,SDP (DSL),158,125,17,19,10,9,0,0,13,29,36,1,2,0.152,0.323,0.224,SS,
Isaac Ponc,19,821784,"CPX,DSL",SDP,"SDP (CPX,DSL)",205,168,29,41,28,7,0,6,37,25,38,4,0,0.244,0.376,0.393,C/1B,
Stiven Martine,18,815913,"A,CPX",BAL,"BAL (A,CPX)",381,318,49,65,40,13,6,6,30,54,131,8,9,0.204,0.332,0.34,OF,
Almen Tolentin,19,820958,"CPX,DSL",MIA,"MIA (CPX,DSL)",218,168,42,49,29,10,4,6,25,36,39,21,11,0.292,0.436,0.506,C,
Gabriel Ces,19,821014,"CPX,DSL",ATL,"ATL (CPX,DSL)",152,127,17,36,28,4,3,1,22,19,34,5,4,0.283,0.384,0.386,OF,
Wuinder Torre,18,821099,DSL,CLE,CLE (DSL),181,166,24,39,24,12,3,0,41,7,20,0,0,0.235,0.271,0.343,C/1B,
Edward Gurib,19,821025,"CPX,DSL",STL,"STL (CPX,DSL)",163,136,23,35,20,10,0,5,24,15,27,0,0,0.257,0.356,0.441,3B,
Gabriel Guanche,18,821687,DSL,SEA,SEA (DSL),172,150,23,34,15,11,0,8,25,18,46,0,0,0.227,0.32,0.46,C,
Carlos Renzull,19,827281,"A,CPX",COL,"COL (A,CPX)",186,155,38,43,33,8,1,1,20,25,22,9,4,0.277,0.38,0.361,2B/OF,
Eduardo Beltr,19,815924,"A,CPX",MIN,"MIN (A,CPX)",370,320,48,63,39,13,1,10,49,40,92,28,6,0.197,0.297,0.338,OF,
Frandy Lafon,18,821143,DSL,MIL,MIL (DSL),176,139,36,29,18,7,2,2,25,33,46,13,2,0.209,0.375,0.331,OF,
Franklin Roja,19,815922,"CPX,DSL",TOR,"TOR (CPX,DSL)",165,129,18,35,27,7,0,1,26,23,27,1,0,0.271,0.406,0.349,C,
Wilberson De Pen,19,821648,"CPX,DSL",LAA,"LAA (CPX,DSL)",153,131,33,31,12,10,3,6,33,18,33,11,6,0.237,0.34,0.496,OF,
Mason Dinese,26,828375,CPX,CHW,CHW (CPX),172,164,21,38,24,13,0,1,15,5,64,13,2,0.232,0.259,0.329,1B/3B,
Adolfo Mirand,19,827441,"CPX,DSL",NYM,"NYM (CPX,DSL)",198,180,32,51,31,14,1,5,29,10,36,11,2,0.283,0.343,0.456,OF,
Justin Rieme,24,811312,"A+,AA",BOS,"BOS (A+,AA)",408,300,56,70,55,11,1,3,37,95,79,13,3,0.233,0.423,0.307,2B,
Jose Perdom,19,815899,"A,CPX",ATL,"ATL (A,CPX)",239,221,20,48,40,7,0,1,18,14,47,4,2,0.217,0.268,0.262,SS,
Dustin Crensha,24,695289,"A,CPX",SEA,"SEA (A,CPX)",421,361,63,92,69,14,3,6,32,54,78,13,7,0.255,0.353,0.36,SS/OF,
Carter Dorigh,23,826163,"A,A+",SEA,"SEA (A,A+)",616,546,88,154,115,34,3,2,70,54,133,31,5,0.282,0.354,0.366,3B,
Andres Aria,19,815914,CPX,TOR,TOR (CPX),217,186,24,31,22,3,1,5,22,24,63,11,3,0.167,0.286,0.274,OF,
Ryan Campo,23,701481,"A+,AA",STL,"STL (A+,AA)",547,456,70,112,74,28,3,7,66,84,104,17,3,0.246,0.367,0.366,C,
Cade McGe,23,801629,"A,A+",STL,"STL (A,A+)",455,365,67,81,49,22,0,10,65,68,105,25,6,0.222,0.363,0.364,3B,
Christian Marti,23,802353,"A,A+,CPX",STL,"STL (A,A+,CPX)",485,401,58,98,72,22,2,2,38,66,80,27,10,0.244,0.358,0.324,2B,
Elijah Hainlin,23,809944,"A,A+,AA,AAA",LAD,"LAD (A,A+,AA,AAA)",600,486,96,137,96,26,2,13,77,93,141,36,9,0.282,0.409,0.424,2B/SS,
Josh Kros,23,811339,"A,A+",STL,"STL (A,A+)",549,483,73,115,67,24,5,19,94,48,141,1,1,0.238,0.315,0.427,C/1B,
Ian Petrut,23,814413,"A,A+",STL,"STL (A,A+)",452,384,52,95,71,17,1,6,59,49,57,4,11,0.247,0.356,0.344,OF,
Jon Jon Gazda,24,822501,"A+,AA",STL,"STL (A+,AA)",583,503,74,136,111,20,1,4,56,50,62,23,5,0.27,0.363,0.338,2B/3B/SS,
Ryan Nicholso,25,690804,"A+,AA",LAA,"LAA (A+,AA)",646,542,77,131,84,25,1,21,79,87,158,1,1,0.242,0.349,0.408,1B,
Carter Cunningha,25,701860,A+,TOR,TOR (A+),576,470,90,108,59,21,5,23,84,92,183,15,6,0.23,0.361,0.443,1B/OF,
Harold Col,24,694563,"A,AA",LAA,"LAA (A,AA)",621,534,79,139,92,31,5,11,85,72,153,35,6,0.26,0.354,0.399,3B,
Robert Hipwel,23,813771,"A,A+",SFG,"SFG (A,A+)",510,413,66,90,42,31,6,11,69,81,169,4,2,0.218,0.358,0.402,1B/3B,
Michael Snyde,25,688617,"A+,AA",MIA,"MIA (A+,AA)",539,433,60,101,73,19,2,7,63,92,112,33,2,0.233,0.373,0.335,1B/3B/OF,
Payton Gree,23,700243,"A+,AA",MIA,"MIA (A+,AA)",473,412,48,109,69,26,3,11,49,46,112,19,8,0.265,0.345,0.422,2B/SS,
Carter Mathiso,23,701296,"A,A+,CPX",PHI,"PHI (A,A+,CPX)",375,315,43,60,38,12,2,8,38,43,132,19,1,0.19,0.303,0.317,OF,
John Spikerma,23,701811,"A,A+,CPX",PHI,"PHI (A,A+,CPX)",359,285,49,66,49,10,4,3,28,60,98,46,3,0.232,0.376,0.326,OF,
Carson DeMartin,23,701831,"A+,AA",PHI,"PHI (A+,AA)",629,542,88,132,91,23,4,14,63,71,165,51,13,0.244,0.343,0.378,3B,
PJ Morland,21,703563,"A,CPX",MIA,"MIA (A,CPX)",395,314,56,66,46,11,1,8,45,69,104,9,1,0.21,0.365,0.328,OF,
Brady Da,24,800953,"A,A+",PHI,"PHI (A,A+)",359,302,45,81,59,13,3,6,37,47,48,17,4,0.268,0.364,0.391,3B,
Jacob Jenkins-Cowar,23,801881,"A,A+",MIA,"MIA (A,A+)",379,335,41,69,41,22,2,4,34,36,96,28,11,0.206,0.288,0.319,OF,
Fenwick Trimbl,23,814458,"A+,AA,CPX",MIA,"MIA (A+,AA,CPX)",499,420,56,107,68,27,2,10,56,65,102,41,8,0.255,0.365,0.4,OF,
Carter Johnso,20,815793,A,MIA,MIA (A),610,520,66,99,65,22,4,8,62,72,177,15,4,0.19,0.302,0.294,2B/SS,
Juan Brow,18,820946,"CPX,DSL",CIN,"CIN (CPX,DSL)",189,157,27,42,30,9,0,3,32,23,57,0,2,0.268,0.386,0.382,1B/OF,
Gage Mille,23,824028,"A+,AA",MIA,"MIA (A+,AA)",506,430,53,92,63,18,2,9,47,65,82,24,8,0.214,0.326,0.328,2B/3B,
Mason Guerr,23,701653,"A,A+",ATL,"ATL (A,A+)",518,437,50,92,63,14,1,14,65,72,131,1,0,0.211,0.326,0.343,1B,
Patrick Clohis,24,802117,"A+,AA",ATL,"ATL (A+,AA)",679,602,85,151,113,24,6,8,51,65,121,86,18,0.251,0.33,0.35,OF,
Colby Jone,22,803475,"A,A+",ATL,"ATL (A,A+)",644,528,93,121,102,13,3,3,49,101,129,84,20,0.229,0.359,0.282,2B/3B,
Titus Dumitr,23,828335,"A+,AA",ATL,"ATL (A+,AA)",587,516,59,117,79,21,3,14,67,60,147,19,10,0.227,0.315,0.36,OF,
Ching-Hsien K,19,828667,"A,CPX",LAD,"LAD (A,CPX)",467,379,75,114,77,23,4,10,54,77,100,6,4,0.301,0.426,0.462,OF,
Austin St. Lauren,23,694318,"A,A+",SEA,"SEA (A,A+)",603,512,81,125,101,19,1,4,58,82,120,22,10,0.244,0.352,0.309,2B/3B/SS,
Jack Costell,25,694320,A+,SDP,SDP (A+),554,490,58,110,73,23,0,14,62,40,91,15,2,0.224,0.311,0.357,1B/OF,
Brandon Eik,24,694806,A+,SEA,SEA (A+),486,443,49,99,52,29,0,18,56,32,152,2,0,0.223,0.285,0.411,1B/3B,
Tyler Wilso,23,694834,"A,A+",NYY,"NYY (A,A+)",418,361,48,98,81,11,1,5,48,51,84,20,10,0.271,0.359,0.349,OF,
Jaime Ferre,23,695634,A+,MIN,MIN (A+),498,419,59,99,60,23,2,14,58,43,109,1,1,0.236,0.333,0.401,1B/OF,
Zach Ehrhar,23,701394,"A+,AA,AAA",LAD,"LAD (A+,AA,AAA)",705,597,106,156,99,37,3,17,88,83,136,43,6,0.261,0.358,0.419,OF,
Duce Gourso,23,701546,"A+,AA",PIT,"PIT (A+,AA)",516,432,72,112,74,24,2,12,43,62,118,40,7,0.259,0.37,0.407,2B/3B,
Billy Amic,23,701771,"A,A+,AA,CPX",MIN,"MIN (A,A+,AA,CPX)",403,335,67,96,60,21,1,14,61,49,109,1,3,0.287,0.392,0.481,1B/3B,
Malcolm Moor,22,702270,"A+,CPX",TEX,"TEX (A+,CPX)",367,311,42,67,45,16,0,6,42,36,73,5,1,0.215,0.319,0.325,C,
Dylan Dreilin,23,702662,"A+,AA",TEX,"TEX (A+,AA)",600,516,70,124,79,23,4,18,83,76,123,19,5,0.24,0.336,0.405,OF,
Jared Thoma,21,703606,"A+,AA",COL,"COL (A+,AA)",533,454,92,136,97,23,2,14,60,70,145,33,7,0.3,0.398,0.452,OF,
Brendan Jone,24,800957,"A+,AA",NYY,"NYY (A+,AA)",688,577,112,140,87,26,12,15,82,99,144,66,12,0.243,0.356,0.407,OF,
Walker Jane,23,801075,"A+,AA",HOU,"HOU (A+,AA)",477,432,65,104,65,24,2,13,57,34,134,34,2,0.241,0.308,0.396,C,
Kai Robert,25,805956,"A+,AA,CPX",SDP,"SDP (A+,AA,CPX)",431,356,57,78,64,8,1,5,27,57,128,45,7,0.219,0.337,0.289,OF,
Ben McLaughli,24,808768,"A+,AA,CPX",ARI,"ARI (A+,AA,CPX)",523,442,67,126,77,37,0,12,77,73,85,1,2,0.285,0.392,0.45,1B,
Charlie Condo,23,809707,"A+,AA,AAA,CPX",COL,"COL (A+,AA,AAA,CPX)",591,492,86,128,86,21,3,18,75,76,149,5,2,0.26,0.376,0.425,1B/OF,
Kyle DeBarg,22,814414,"A+,AA",MIN,"MIN (A+,AA)",686,580,103,129,86,26,5,12,75,90,162,77,13,0.222,0.334,0.347,2B/SS,
Caden Kendl,24,814522,A+,MIN,MIN (A+),447,385,62,94,58,24,2,10,52,44,85,20,5,0.244,0.338,0.395,OF,
Derek Ber,24,815074,"A,A+,AA",PIT,"PIT (A,A+,AA)",408,339,51,80,54,12,5,9,48,55,137,10,5,0.236,0.355,0.381,C/1B,
Brandon Butterwort,23,822578,"A+,AA",BAL,"BAL (A+,AA)",632,553,91,139,85,28,9,17,67,58,126,25,4,0.251,0.333,0.427,2B/SS,
Anthony Donofri,26,823703,A+,SEA,SEA (A+),409,347,52,77,45,25,0,7,45,55,113,14,3,0.222,0.335,0.354,OF,
Brendan Durfe,23,826545,A+,SDP,SDP (A+),376,328,35,72,49,16,1,6,31,35,98,0,0,0.22,0.309,0.329,C,
Edgar Alvare,25,827294,"A+,AA",CHC,"CHC (A+,AA)",564,469,67,111,75,25,0,11,54,81,124,8,1,0.237,0.351,0.36,1B/OF,
Marshall Tool,23,828319,"A,A+",NYY,"NYY (A,A+)",430,363,77,102,69,14,14,5,49,59,97,47,7,0.281,0.388,0.438,OF,
Lyle Miller-Gree,24,688509,"A,A+",CHW,"CHW (A,A+)",405,327,56,80,56,12,5,7,48,67,118,9,4,0.245,0.381,0.376,1B,
Parks Harbe,24,692238,"A,A+,AA",SFG,"SFG (A,A+,AA)",414,358,63,117,69,30,3,15,75,48,100,6,2,0.327,0.413,0.553,1B/3B,
Alec Makarewic,25,701062,"A+,AA",CHW,"CHW (A+,AA)",616,549,70,125,70,28,8,19,87,57,165,15,1,0.228,0.302,0.412,1B/3B,
J.R. Freeth,23,701540,"A,A+,AA,CPX",TOR,"TOR (A,A+,AA,CPX)",486,388,74,87,62,17,3,5,39,83,116,7,4,0.224,0.377,0.322,2B/OF,
Eddie Micheletti Jr,24,804446,"A+,AA",TOR,"TOR (A+,AA)",594,476,81,112,60,31,2,19,90,98,97,6,1,0.235,0.377,0.429,OF,
Nathan Arche,23,814453,A,CHW,CHW (A),470,409,49,87,59,15,7,6,43,55,155,25,10,0.213,0.307,0.328,OF,
Nick Mitchel,22,814455,"A,A+,AA,CPX",CLE,"CLE (A,A+,AA,CPX)",495,406,76,105,80,12,8,5,51,75,80,37,6,0.259,0.377,0.365,OF,
Sam Kulasinga,24,814528,"A+,AA",KCR,"KCR (A+,AA)",699,588,101,172,123,37,9,3,76,90,115,32,13,0.293,0.388,0.401,2B,
Sean Key,23,815873,"A+,AA",TOR,"TOR (A+,AA)",663,533,98,124,68,26,1,29,97,105,153,13,1,0.233,0.377,0.448,1B/3B,
James Tibbs II,23,696486,"A+,AA,AAA",LAD,"LAD (A+,AA,AAA)",744,613,118,156,90,30,5,31,98,114,169,12,3,0.254,0.376,0.471,OF,
Ryan McCrysta,23,701734,"A,A+,AA",CIN,"CIN (A,A+,AA)",447,392,53,113,78,27,3,5,80,38,85,1,1,0.288,0.36,0.411,C/1B,
David Mersho,23,702574,"AA,AAA,CPX",LAA,"LAA (AA,AAA,CPX)",407,339,43,58,43,12,2,1,24,62,101,29,4,0.171,0.3,0.227,2B/SS,
Casey Coo,22,695517,A+,TEX,TEX (A+),493,425,57,87,63,16,2,6,50,52,106,29,12,0.205,0.302,0.294,2B,
Cole Messin,23,701783,"A+,AA",COL,"COL (A+,AA)",552,473,67,119,79,30,1,9,54,67,94,21,7,0.252,0.356,0.376,C,
Kaelen Culpeppe,23,701785,"A+,AA,AAA",MIN,"MIN (A+,AA,AAA)",691,604,106,169,115,23,3,28,93,70,125,33,4,0.28,0.368,0.467,SS,
Caden Powel,22,702547,"A,A+,CPX",HOU,"HOU (A,A+,CPX)",479,413,70,102,72,17,2,11,54,57,144,39,7,0.247,0.347,0.378,3B/SS,
Max Hol,23,802959,"A,A+,AA",HOU,"HOU (A,A+,AA)",507,403,78,93,71,16,3,3,38,94,150,59,15,0.231,0.378,0.308,2B/SS,
Ben Hart,23,803015,"A,A+",TEX,"TEX (A,A+)",389,313,47,75,61,11,1,2,46,39,90,7,3,0.24,0.378,0.3,C,
Trevor Austi,24,809338,"A+,AA",HOU,"HOU (A+,AA)",541,458,66,96,58,25,2,11,52,67,130,14,6,0.21,0.329,0.345,2B/3B,
Rafe Peric,24,825927,"A,A+",TEX,"TEX (A,A+)",503,423,68,102,73,14,4,11,72,70,110,9,1,0.241,0.352,0.371,1B/3B,
Drew Voge,23,826164,A+,HOU,HOU (A+),417,362,43,65,41,12,1,11,38,39,156,24,6,0.18,0.274,0.309,2B/3B,
Jason Schiavon,23,828395,"A,A+",HOU,"HOU (A,A+)",447,333,77,69,28,19,1,21,64,98,156,20,5,0.207,0.405,0.459,C/1B,
Lucas Spenc,23,828599,"A,A+,AA,CPX",HOU,"HOU (A,A+,AA,CPX)",578,479,85,117,70,33,3,11,63,82,140,29,6,0.244,0.367,0.395,OF,
Blake Burk,23,695501,"A+,AA",MIL,"MIL (A+,AA)",722,627,90,176,111,35,3,27,107,81,174,27,7,0.281,0.368,0.475,1B,
Tommy Whit,23,695720,"A+,AA,AAA",OAK,"OAK (A+,AA,AAA)",542,494,65,141,95,32,0,14,76,38,72,4,4,0.285,0.343,0.435,3B,
Rodney Green Jr,23,701587,"A,A+",OAK,"OAK (A,A+)",639,545,91,116,67,27,6,16,73,81,182,21,7,0.213,0.323,0.372,OF,
Joshua Kuroda-Graue,23,811965,"A+,AA,AAA",OAK,"OAK (A+,AA,AAA)",709,651,93,194,141,42,3,8,65,45,65,38,9,0.298,0.353,0.409,SS,
\xc3\x89milien Pitr,23,692150,A+,TBR,TBR (A+),649,549,77,142,100,28,4,10,78,79,123,23,10,0.259,0.351,0.379,2B,
Callan Mos,22,801978,"A+,AA",PIT,"PIT (A+,AA)",650,553,81,154,100,36,3,15,100,81,147,18,6,0.278,0.375,0.436,1B,
Connor Hujsa,24,824615,"A,A+",TBR,"TBR (A,A+)",548,495,81,117,67,27,6,17,77,39,147,35,3,0.236,0.292,0.418,OF,
Will Taylo,23,696142,"A,A+,AA",PIT,"PIT (A,A+,AA)",519,434,81,111,68,24,2,17,73,71,135,29,16,0.256,0.375,0.438,OF,
Caleb Lomavit,23,701616,"A+,AA",WSN,"WSN (A+,AA)",545,480,46,127,93,22,3,9,58,35,112,7,1,0.265,0.337,0.379,C,
Ryan Staffor,23,701696,A+,BAL,BAL (A+),419,341,40,57,36,17,2,2,39,51,101,26,6,0.167,0.295,0.246,C,
Colin Tuf,23,702239,"A,A+,CPX",BAL,"BAL (A,A+,CPX)",380,310,44,67,47,10,5,5,34,58,95,32,10,0.216,0.354,0.329,C,
Eli Serrano II,23,702501,"A+,AA",NYM,"NYM (A+,AA)",510,427,63,94,53,29,4,8,59,68,106,12,3,0.22,0.333,0.363,OF,
Austin Over,23,702556,"A+,AA",BAL,"BAL (A+,AA)",614,528,96,138,94,18,7,19,60,70,173,87,11,0.261,0.353,0.43,OF,
Griff O'Ferral,23,803172,"A+,AA",BAL,"BAL (A+,AA)",637,546,81,120,86,25,3,6,47,77,101,48,9,0.22,0.321,0.31,2B/SS,
Ethan Anderso,22,803175,"A+,AA",BAL,"BAL (A+,AA)",481,409,55,105,79,17,1,8,55,60,87,19,4,0.257,0.351,0.362,C/1B,
Dante Nor,21,807276,"A,A+,AA",PHI,"PHI (A,A+,AA)",725,624,87,165,117,26,16,6,61,83,109,59,16,0.264,0.354,0.386,OF,
Kodey Shojinag,23,809975,"A,A+",PHI,"PHI (A,A+)",449,372,48,86,64,19,2,1,47,68,70,1,2,0.231,0.357,0.301,C/1B,
Joseph Sulliva,23,813896,"A+,AA",HOU,"HOU (A+,AA)",624,496,87,109,64,17,3,25,65,105,177,52,13,0.22,0.378,0.417,OF,
Seaver Kin,23,814409,"A+,AA",WSN,"WSN (A+,AA)",697,627,94,164,116,29,8,11,68,51,144,34,10,0.262,0.321,0.386,SS,
Ivan Brethow,23,814442,"A,A+",PIT,"PIT (A,A+)",477,367,72,82,57,14,4,7,41,76,131,32,4,0.223,0.397,0.341,OF,
Carter Frederic,22,815150,A+,KCR,KCR (A+),405,354,55,79,47,25,4,3,43,43,132,16,3,0.223,0.316,0.342,OF,
Hansel Jimene,19,823851,"CPX,DSL",CIN,"CIN (CPX,DSL)",160,128,25,33,22,6,0,5,20,17,40,13,1,0.258,0.375,0.422,3B/SS,
Jacob Cozar,23,695524,"A+,AA",CLE,"CLE (A+,AA)",515,436,58,102,70,19,2,11,60,63,117,1,1,0.234,0.338,0.362,C,
Josh Caro,22,701805,A+,SEA,SEA (A+),449,400,59,84,51,15,3,15,48,38,132,19,3,0.21,0.287,0.375,C,
Joel Drago,23,811780,"A,A+",PHI,"PHI (A,A+)",387,313,39,56,40,15,1,0,32,61,103,4,3,0.179,0.312,0.233,OF,
Colton Becke,25,813851,"A,A+,AA,AAA",KCR,"KCR (A,A+,AA,AAA)",458,373,68,96,77,15,2,2,35,63,79,68,11,0.257,0.371,0.324,2B/SS,
Ryan Cesarin,23,825761,"A,A+",CLE,"CLE (A,A+)",533,455,68,116,80,20,5,11,76,63,82,43,7,0.255,0.356,0.393,OF,
Garrett How,23,827628,"A,A+",CLE,"CLE (A,A+)",442,374,46,76,62,11,1,2,34,57,118,36,13,0.203,0.314,0.254,2B/SS,
Owen Ayer,25,689196,"A,A+,AA",CHC,"CHC (A,A+,AA)",395,330,55,84,44,18,6,16,73,51,95,11,0,0.255,0.365,0.491,C,
Corey Collin,24,690970,"A,A+,CPX",NYM,"NYM (A,A+,CPX)",367,288,33,50,33,8,3,6,30,60,110,5,2,0.174,0.335,0.285,1B,
Bennett Thompso,23,701750,"A,A+",CLE,"CLE (A,A+)",483,389,67,107,74,26,1,6,51,80,75,9,6,0.275,0.404,0.393,C,
Raider Tell,25,808864,"A,A+",PHI,"PHI (A,A+)",512,455,60,123,91,23,0,9,68,43,125,2,0,0.27,0.341,0.38,1B/3B,
Ariel Arma,23,813666,"A+,AA",CHC,"CHC (A+,AA)",491,430,39,101,68,26,1,6,59,50,93,13,5,0.235,0.324,0.342,C,
Cameron Lear,24,802474,"A,A+,AA",OAK,"OAK (A,A+,AA)",664,558,92,150,98,37,4,11,76,87,158,73,9,0.269,0.371,0.409,OF,
Davis Dia,23,696286,"A,A+,AA",OAK,"OAK (A,A+,AA)",566,476,72,118,81,28,3,6,62,76,82,9,4,0.248,0.359,0.357,C,
Marco Dinge,22,701392,"A,A+",MIL,"MIL (A,A+)",428,346,62,101,64,17,2,18,81,69,86,5,1,0.292,0.416,0.509,C,
Kevin Bazzel,23,695494,"A,A+",WSN,"WSN (A,A+)",376,319,52,78,67,9,0,2,28,40,43,9,1,0.245,0.348,0.292,C,
Peyton Stoval,23,696510,A+,CIN,CIN (A+),396,340,44,66,43,19,0,4,36,50,72,17,2,0.194,0.306,0.285,1B/2B,
Ryan Jackso,24,810838,"A,A+,AA",SDP,"SDP (A,A+,AA)",707,583,73,149,118,23,3,5,68,107,132,24,8,0.256,0.379,0.331,2B/3B/SS,
Dillon Lewi,23,827665,"A,A+,AA",NYY,"NYY (A,A+,AA)",658,582,90,136,74,26,6,30,101,68,165,35,2,0.234,0.318,0.454,OF,
Blake Wrigh,23,694543,"A,A+",COL,"COL (A,A+)",520,458,61,127,91,24,2,10,58,41,79,12,7,0.277,0.339,0.404,3B,
Vance Honeycut,23,701689,A+,BAL,BAL (A+),531,458,64,81,48,17,6,10,40,66,223,43,7,0.177,0.286,0.306,OF,
Zander Darb,23,801592,"A,A+",SFG,"SFG (A,A+)",433,363,69,100,60,26,3,11,72,56,110,14,2,0.275,0.375,0.455,2B/3B,
Jeremiah Jenkin,23,815877,"A,CPX",SFG,"SFG (A,CPX)",379,320,55,85,53,17,5,10,73,49,78,0,0,0.266,0.372,0.444,1B,
Jackson Stron,22,825924,"A,A+",DET,"DET (A,A+)",529,449,66,110,71,24,6,9,50,68,160,27,8,0.245,0.352,0.385,OF,
Cameron Sisnero,25,815133,"A,A+",CHC,"CHC (A,A+)",469,376,54,102,72,19,0,11,69,78,79,15,2,0.271,0.405,0.41,1B,
Theo Gille,20,815394,"A,A+",TBR,"TBR (A,A+)",433,333,86,91,60,16,2,13,41,80,102,48,5,0.273,0.426,0.45,OF,
Tommy Hopf,23,809101,"A,A+,CPX",COL,"COL (A,A+,CPX)",523,438,59,107,72,24,1,10,52,52,94,20,8,0.244,0.347,0.372,2B/OF,
Garrett Penningto,25,693243,"A,A+",DET,"DET (A,A+)",530,479,77,140,79,41,1,19,78,36,103,8,6,0.292,0.355,0.501,1B/OF,
Dakota Jorda,23,702607,"A,A+",SFG,"SFG (A,A+)",566,500,94,152,103,23,6,20,111,54,143,33,5,0.304,0.373,0.494,OF,
Woody Hadee,23,802219,"A,A+",DET,"DET (A,A+)",503,419,74,100,74,17,3,6,45,59,90,41,6,0.239,0.362,0.337,SS/OF,
Jakob Christia,23,814451,"A,A+",SFG,"SFG (A,A+)",449,381,81,109,60,32,1,16,84,46,131,15,3,0.286,0.374,0.501,1B/OF,
Zach MacDonal,22,822487,"A,CPX",DET,"DET (A,CPX)",380,315,65,66,36,12,5,13,46,45,131,28,3,0.21,0.332,0.403,OF,
Sam Peterse,23,695763,"A,A+,AA,CPX",WSN,"WSN (A,A+,AA,CPX)",370,301,62,84,53,16,3,12,51,49,87,34,2,0.279,0.398,0.472,OF,
Cam Clayto,23,701784,"A,A+,AA,CPX",MIA,"MIA (A,A+,AA,CPX)",396,316,54,70,39,21,5,5,49,65,78,15,7,0.222,0.359,0.367,1B/SS,
Trey Snyde,19,815551,A,NYM,NYM (A),512,431,58,95,77,12,1,5,48,72,96,41,8,0.22,0.336,0.288,2B/3B,
Keith Jones I,24,695069,"A+,AA",TEX,"TEX (A+,AA)",605,503,71,128,83,24,4,17,83,89,157,25,7,0.254,0.371,0.419,OF,
Braylon Payn,19,815520,"A,A+",MIL,"MIL (A,A+)",460,387,76,95,60,17,4,14,44,70,134,40,13,0.245,0.361,0.419,OF,
Isaiah Barket,22,701373,A,SFG,SFG (A),113,95,19,31,22,6,1,2,14,15,12,3,1,0.326,0.414,0.474,2B/3B,
Brooks Brya,21,804871,A,KCR,KCR (A),115,100,11,30,16,11,0,3,22,12,21,6,0,0.3,0.383,0.5,C,
Daniel Buccier,21,827759,A,OAK,OAK (A),139,118,27,36,30,2,2,2,10,14,35,4,0,0.305,0.396,0.407,3B,
Ali Camarill,23,701548,"A,A+,CPX",OAK,"OAK (A,A+,CPX)",577,506,67,137,103,27,2,5,66,51,104,27,5,0.271,0.344,0.362,SS,
Brady Counsel,23,703519,A+,ARI,ARI (A+),129,110,9,24,17,4,0,3,18,14,37,6,2,0.218,0.32,0.336,OF,
Randal Dia,23,695538,"A,A+",WSN,"WSN (A,A+)",529,457,70,103,80,15,4,4,59,59,88,35,9,0.225,0.322,0.302,2B,
Daniel Dickinso,22,823658,A+,MIL,MIL (A+),117,93,9,18,16,2,0,0,7,18,27,6,2,0.194,0.339,0.215,2B/SS,
Victor Figuero,22,809372,"A,A+,CPX",SDP,"SDP (A,A+,CPX)",500,420,68,123,66,30,6,21,81,72,117,8,5,0.293,0.397,0.543,1B,
Kevin Fitze,24,822624,"A,A+",COL,"COL (A,A+)",592,508,72,117,79,22,5,11,68,58,143,7,4,0.23,0.328,0.358,1B/OF,
Jacob Frien,23,701820,"A,CPX",CIN,"CIN (A,CPX)",354,261,54,62,32,16,3,11,46,72,98,11,6,0.238,0.419,0.448,C/OF,
Murf Gra,22,809092,A,PIT,PIT (A),149,127,25,44,28,10,0,6,30,13,28,0,0,0.346,0.426,0.567,3B,
Matt Halbac,23,801561,"A,A+",CHC,"CHC (A,A+)",561,478,69,118,77,30,0,11,80,60,114,2,2,0.247,0.348,0.379,1B/3B,
Luke Heyma,22,701326,A,BOS,BOS (A),121,97,15,23,12,5,0,6,20,22,28,0,0,0.237,0.38,0.474,C,
Grant Ja,22,703603,A,SEA,SEA (A),96,79,11,18,10,4,0,4,10,12,39,2,1,0.228,0.365,0.43,C,
Eddie King Jr,23,695652,A,PIT,PIT (A),124,100,18,27,21,3,1,2,11,16,26,1,1,0.27,0.39,0.38,OF,
Jace LaViolett,22,702593,A+,CLE,CLE (A+),119,102,18,20,10,5,0,5,13,15,50,2,2,0.196,0.311,0.392,OF,
Cole McConnel,24,823277,A+,CHW,CHW (A+),358,304,42,66,49,12,0,5,28,42,107,5,6,0.217,0.331,0.306,OF,
Braden Montgomer,23,695731,"A,A+,AA,AAA",CHW,"CHW (A,A+,AA,AAA)",680,580,92,160,93,41,7,19,93,81,173,16,9,0.276,0.371,0.469,OF,
Jack Morokne,23,833381,A,WSN,WSN (A),104,86,18,26,16,4,2,4,18,17,30,2,1,0.302,0.413,0.535,OF,
Kole Myer,25,801887,"A+,AA",LAD,"LAD (A+,AA)",475,383,78,100,79,11,4,6,43,80,109,36,12,0.261,0.403,0.358,OF,
Cameron Nelso,22,806174,A,COL,COL (A),150,113,34,28,20,3,4,1,15,28,40,10,1,0.248,0.412,0.372,OF,
Ryan Picoll,24,827264,A,SEA,SEA (A),380,348,52,67,40,11,4,12,49,27,164,4,1,0.193,0.255,0.351,OF,
Cody Schrie,23,691794,"A,A+,CPX",MIA,"MIA (A,A+,CPX)",373,321,50,68,48,10,3,7,47,42,85,33,4,0.212,0.314,0.327,1B,
Mike Sirot,23,701527,"A,A+",LAD,"LAD (A,A+)",409,323,82,108,57,27,4,20,73,77,90,12,6,0.334,0.465,0.628,OF,
Boston Smit,23,695722,"A,A+",CHW,"CHW (A,A+)",120,102,19,31,20,3,2,6,19,16,39,3,1,0.304,0.4,0.549,C/OF,
AJ Soldr,22,831004,A,LAD,LAD (A),113,98,18,25,17,1,4,3,10,9,40,1,2,0.255,0.345,0.439,OF,
Jared Sprague-Lot,24,814445,"A,A+",OAK,"OAK (A,A+)",443,349,58,75,53,14,0,8,50,78,80,14,2,0.215,0.364,0.324,2B/3B,
Anthony Stepha,23,803174,"A+,CPX",CIN,"CIN (A+,CPX)",387,325,44,82,52,20,3,7,43,48,81,9,2,0.252,0.363,0.397,OF,
Kavares Tear,23,701837,"A,A+",SDP,"SDP (A,A+)",576,493,56,108,62,28,3,15,74,74,169,6,6,0.219,0.319,0.379,OF,
Kasen Well,22,703673,"A,A+,CPX",SDP,"SDP (A,A+,CPX)",509,436,76,117,93,19,3,2,40,65,94,42,11,0.268,0.369,0.339,OF,
Zane Zielinsk,24,823185,A+,SFG,SFG (A+),582,501,73,127,105,16,2,4,58,56,144,37,11,0.253,0.343,0.317,SS,
Brayden Cor,22,836068,CPX,SEA,SEA (CPX),27,19,4,4,4,0,0,0,3,7,9,0,0,0.211,0.444,0.211,OF,
Josh Wakefiel,22,811718,A,HOU,HOU (A),108,90,13,25,20,3,0,2,11,16,30,15,5,0.278,0.38,0.378,OF,
Zach Evan,23,828473,"A,A+",SDP,"SDP (A,A+)",637,571,68,152,120,26,2,4,79,55,120,18,3,0.266,0.333,0.34,3B,
Nick Montgomer,20,807277,A,ATL,ATL (A),438,372,35,66,47,9,2,8,45,55,147,2,0,0.177,0.286,0.277,C,
Diego Torne,16,829053,DSL,ATL,ATL (DSL),147,122,20,34,24,5,5,0,13,23,32,24,4,0.279,0.395,0.402,OF,
Slade Caldwel,20,815154,"A,A+",ARI,"ARI (A,A+)",657,508,100,123,85,32,3,3,47,123,179,34,11,0.242,0.405,0.335,OF,
Cris Rodrigue,18,829038,"CPX,DSL",DET,"DET (CPX,DSL)",220,202,42,59,34,12,2,11,41,13,53,12,2,0.292,0.327,0.535,OF,
Deniel Orti,21,811765,"A,A+,AA",STL,"STL (A,A+,AA)",455,375,61,111,78,19,1,13,51,67,119,39,9,0.296,0.411,0.456,1B/3B,
Wyatt Sanfor,20,815608,"A,A+,CPX",PIT,"PIT (A,A+,CPX)",419,337,78,90,58,17,4,11,44,53,107,47,9,0.267,0.402,0.439,2B/SS,
Johan De Los Santo,17,829059,"CPX,DSL",PIT,"PIT (CPX,DSL)",206,165,55,59,45,9,4,1,32,33,14,42,7,0.358,0.459,0.479,2B/SS,
Darell More,18,829716,"CPX,DSL",PIT,"PIT (CPX,DSL)",232,178,52,54,34,11,7,2,31,45,50,28,7,0.303,0.448,0.478,SS,
C.J. Pittar,24,694953,"A,A+",OAK,"OAK (A,A+)",588,502,60,115,92,17,5,1,43,74,125,8,3,0.229,0.34,0.289,1B/OF,
Tyson Lewi,20,815653,"A,CPX",CIN,"CIN (A,CPX)",496,444,82,129,88,24,6,11,70,40,153,32,10,0.291,0.356,0.446,SS,
Ty Southisen,20,807257,"A,A+,CPX",CHC,"CHC (A,A+,CPX)",543,442,96,115,97,12,6,0,57,80,71,56,11,0.26,0.39,0.314,2B/SS,
JD Di,20,807267,"A,CPX",ARI,"ARI (A,CPX)",542,450,96,127,90,23,7,7,50,76,113,40,8,0.282,0.393,0.411,2B,
Ethan Wagne,20,825334,CPX,HOU,HOU (CPX),176,149,31,34,22,7,1,4,23,23,40,4,4,0.228,0.341,0.369,OF,
Trace Willhoit,25,688875,"A,A+,AAA",NYM,"NYM (A,A+,AAA)",500,412,72,98,55,22,3,18,83,63,131,16,3,0.238,0.356,0.437,1B,
Drew Brutche,24,695046,"A,A+",HOU,"HOU (A,A+)",528,454,65,119,84,25,3,7,54,66,121,8,3,0.262,0.357,0.377,OF,
Luke Davi,23,701592,"A,A+,CPX",PHI,"PHI (A,A+,CPX)",385,289,38,53,36,10,0,7,40,89,82,1,0,0.183,0.377,0.291,C/1B,
Eric Hartma,20,807080,"A,A+,CPX",ATL,"ATL (A,A+,CPX)",549,470,95,124,75,27,5,17,73,59,123,62,9,0.264,0.359,0.451,OF,
Nathan Flewellin,19,807083,"A,A+",TBR,"TBR (A,A+)",582,457,65,112,75,21,3,13,70,108,157,11,3,0.245,0.391,0.389,C,
Caleb Boneme,20,815352,"A,A+",CHW,"CHW (A,A+)",634,509,109,142,73,40,4,25,95,99,152,31,10,0.279,0.405,0.521,3B/SS,
Owen Care,19,826928,"A,A+",ATL,"ATL (A,A+)",575,514,71,133,97,28,3,5,69,42,89,18,10,0.259,0.331,0.354,OF,
Andrew Sala,18,829035,A,MIA,MIA (A),585,484,70,88,68,12,3,5,35,88,143,44,13,0.182,0.309,0.25,SS/OF,
Matthew Elli,25,700815,"A,A+",SEA,"SEA (A,A+)",413,328,57,76,45,18,1,12,51,72,101,4,1,0.232,0.379,0.402,C,
Yulian Barret,18,829905,"CPX,DSL",SFG,"SFG (CPX,DSL)",256,205,47,66,57,6,2,1,30,38,41,10,5,0.322,0.445,0.385,2B,
Cristopher Polanc,17,829057,DSL,TOR,TOR (DSL),222,164,34,29,21,7,1,0,19,52,56,9,5,0.177,0.392,0.232,SS,
Djean Macare,17,829079,DSL,SFG,SFG (DSL),200,154,31,33,26,3,4,0,24,29,26,7,4,0.214,0.354,0.286,OF,
Jos\xc3\xa9 Pe\xc3\xb1,16,829072,DSL,BAL,BAL (DSL),206,167,28,40,27,11,0,2,23,30,42,14,6,0.24,0.356,0.341,3B/SS,
Nate Georg,20,825582,"A,A+,CPX",BAL,"BAL (A,A+,CPX)",464,405,84,133,101,17,9,6,50,48,80,65,27,0.328,0.404,0.459,OF,
Juan Sanche,18,825646,"A,DSL",TOR,"TOR (A,DSL)",338,287,56,82,51,17,4,10,45,36,69,9,3,0.286,0.391,0.477,3B/SS,
Alex McCo,24,801932,"A,A+,CPX",SDP,"SDP (A,A+,CPX)",378,329,65,101,57,26,5,13,57,30,92,19,6,0.307,0.381,0.535,OF,
Colin Summerhil,24,814394,"A,A+",LAA,"LAA (A,A+)",440,374,47,81,50,25,0,6,40,56,108,3,2,0.217,0.322,0.332,1B,
Jacob Hinderleide,25,688871,"A,A+",COL,"COL (A,A+)",371,334,46,74,52,14,1,7,33,27,140,13,7,0.222,0.288,0.332,1B,
Chase Harla,19,815792,"A,CPX",LAD,"LAD (A,CPX)",435,365,61,102,69,19,3,11,76,63,95,3,2,0.279,0.389,0.438,3B,
Brendan Tunin,20,815665,"A,CPX",LAD,"LAD (A,CPX)",212,180,43,56,28,15,5,8,24,30,63,12,2,0.311,0.41,0.583,OF,
Liberts Apont,17,829051,DSL,CIN,CIN (DSL),193,154,34,38,22,6,3,7,36,29,35,9,0,0.247,0.368,0.461,SS,
Trent Youngbloo,24,827636,"A,A+",ARI,"ARI (A,A+)",491,391,60,106,89,10,0,7,48,78,83,37,6,0.271,0.388,0.35,OF,
Sir Jamison Jone,20,806550,"A,CPX",WSN,"WSN (A,CPX)",226,182,24,38,22,8,0,8,39,34,59,2,1,0.209,0.341,0.385,C,
D'Angelo Orti,21,808571,"A,CPX",BOS,"BOS (A,CPX)",377,324,44,86,77,7,2,0,39,45,70,19,3,0.265,0.358,0.299,1B/3B,
Lucas Ramire,20,813429,"A,A+,CPX",LAA,"LAA (A,A+,CPX)",358,316,49,84,55,15,10,4,51,34,97,10,2,0.266,0.339,0.415,OF,
Yan Cru,18,813944,CPX,BOS,BOS (CPX),164,129,14,20,13,4,1,2,12,34,79,11,4,0.155,0.335,0.248,OF,
Luke Dickerso,20,815380,"A,CPX",WSN,"WSN (A,CPX)",518,438,67,97,58,25,4,10,67,71,131,28,9,0.221,0.332,0.365,2B/SS,
Tytus Cissel,20,815632,CPX,ARI,ARI (CPX),227,202,28,40,28,6,2,4,25,19,79,12,1,0.198,0.279,0.307,2B/SS,
Eli Lovic,20,815654,"A,CPX",CHC,"CHC (A,CPX)",398,353,46,79,60,9,3,7,46,41,125,22,5,0.224,0.312,0.326,OF,
DJ Layto,19,816152,"A,CPX",BAL,"BAL (A,CPX)",260,203,48,47,33,11,2,1,20,51,79,21,9,0.232,0.398,0.32,2B/SS,
Ronny Cru,19,826723,"A,A+,CPX",CHC,"CHC (A,A+,CPX)",340,304,50,86,54,15,8,9,47,26,75,29,12,0.283,0.351,0.474,3B/SS,
Derek Dati,20,827613,"A,CPX",TBR,"TBR (A,CPX)",354,291,59,69,54,11,2,2,32,52,73,18,1,0.237,0.358,0.309,OF,
Jude Warwic,20,827672,"A,CPX",DET,"DET (A,CPX)",409,335,65,85,61,18,1,5,48,46,95,32,8,0.254,0.37,0.358,2B/SS,
Andy Polanc,21,828489,"A,CPX",SFG,"SFG (A,CPX)",269,240,51,64,52,8,3,1,33,22,79,35,4,0.267,0.332,0.338,OF,
Max Durringto,19,828589,"A,CPX",OAK,"OAK (A,CPX)",435,378,51,91,78,9,2,2,39,51,77,20,2,0.241,0.333,0.291,2B/OF,
Shotaro Mori,19,829679,"A,CPX",OAK,"OAK (A,CPX)",205,166,41,43,30,9,1,3,31,37,51,6,3,0.259,0.39,0.38,2B/SS,
Dayson Croe,26,806401,"A+,AA,AAA,CPX",SFG,"SFG (A+,AA,AAA,CPX)",412,361,50,110,75,28,4,3,49,38,62,3,3,0.305,0.381,0.429,2B/3B,
Jan Luis Reye,20,813939,CPX,CHC,CHC (CPX),195,170,24,44,33,8,3,0,18,21,37,22,3,0.259,0.337,0.341,OF,
Jadyn Fielde,21,815723,"A,CPX",MIL,"MIL (A,CPX)",264,202,46,50,30,10,6,4,35,46,66,16,5,0.248,0.417,0.416,OF,
Bo Walke,20,815563,CPX,ARI,ARI (CPX),179,145,24,31,24,3,2,2,11,26,64,1,1,0.214,0.36,0.303,OF,
Kenny Fenelo,18,829064,"CPX,DSL",MIL,"MIL (CPX,DSL)",250,195,29,40,26,6,2,6,28,39,65,19,11,0.205,0.356,0.349,OF,
Cristopher Acost,18,829067,"CPX,DSL",MIL,"MIL (CPX,DSL)",254,199,38,32,23,5,3,1,18,49,59,17,6,0.161,0.335,0.231,SS,
Brailyn Antune,18,829073,"CPX,DSL",MIL,"MIL (CPX,DSL)",276,223,45,47,35,10,0,2,32,34,52,23,7,0.211,0.351,0.283,OF,
Dylan Fie,20,814504,"A,A+,CPX",OAK,"OAK (A,A+,CPX)",503,441,48,104,80,17,2,5,61,45,112,2,1,0.236,0.318,0.317,C/1B,
Ramcell Medin,18,829096,"CPX,DSL",KCR,"KCR (CPX,DSL)",217,174,40,45,31,8,4,2,28,33,34,7,2,0.259,0.387,0.385,SS,
Kennew Blanc,20,815891,"CPX,DSL",TOR,"TOR (CPX,DSL)",269,242,34,64,47,13,1,3,36,19,35,5,3,0.264,0.331,0.364,2B/SS,
Alexander Alz,18,821046,DSL,BOS,BOS (DSL),169,147,22,36,26,9,0,1,21,14,56,0,0,0.245,0.337,0.327,1B,
Carlos Don,18,821152,DSL,MIL,MIL (DSL),198,159,29,40,26,8,1,5,28,26,39,17,5,0.252,0.379,0.409,OF,
Andreimi Antune,19,821782,"CPX,DSL",TBR,"TBR (CPX,DSL)",241,205,41,73,52,11,7,3,54,17,34,13,5,0.356,0.433,0.522,SS,
Samuell Sanche,19,823882,DSL,DET,DET (DSL),162,117,31,36,28,3,1,4,17,33,45,9,5,0.308,0.497,0.453,OF,
Juan Torre,17,825153,DSL,NYY,NYY (DSL),170,153,32,55,40,10,1,4,43,6,20,12,8,0.359,0.406,0.516,2B/3B,
Jose Verdug,18,825269,"A,DSL",SDP,"SDP (A,DSL)",236,194,36,58,43,11,1,3,42,31,36,16,4,0.299,0.39,0.412,2B/SS,
Santiago Martine,17,825422,DSL,HOU,HOU (DSL),168,122,26,33,29,4,0,0,14,39,27,17,8,0.27,0.452,0.303,3B/SS,
Luis De Leo,19,825479,"CPX,DSL",HOU,"HOU (CPX,DSL)",164,142,26,38,20,14,0,4,31,15,22,5,3,0.268,0.354,0.451,C/1B,
Feliz Gena,17,825488,DSL,ARI,ARI (DSL),172,136,27,41,28,11,2,0,15,32,38,4,1,0.301,0.444,0.412,1B,
Yensi De La Cru,18,825570,DSL,HOU,HOU (DSL),217,186,37,52,34,8,5,5,40,28,39,18,3,0.28,0.378,0.457,OF,
Leonard Rij,17,825616,DSL,MIL,MIL (DSL),230,182,41,39,35,1,3,0,21,35,35,21,3,0.214,0.365,0.253,SS,
Angel Sali,17,825620,DSL,CIN,CIN (DSL),169,148,29,49,32,9,7,1,23,19,17,14,1,0.331,0.402,0.507,3B,
Johanse Gome,17,825685,DSL,BAL,BAL (DSL),176,131,14,18,9,7,2,0,18,37,52,4,3,0.137,0.343,0.221,OF,
Edgar Walke,18,825725,"CPX,DSL",PIT,"PIT (CPX,DSL)",185,159,29,47,35,9,2,1,34,21,34,15,5,0.296,0.38,0.396,OF,
Yassel Garci,17,826523,DSL,ATL,ATL (DSL),166,124,25,25,17,6,2,0,16,38,30,9,7,0.202,0.404,0.282,3B,
Anderson Arauj,18,827410,"CPX,DSL",PHI,"PHI (CPX,DSL)",213,186,42,50,28,12,3,7,30,21,39,12,5,0.269,0.357,0.478,C/1B,
Elias Marrer,17,827418,DSL,PHI,PHI (DSL),160,137,15,24,22,2,0,0,6,18,55,2,1,0.175,0.294,0.19,2B/SS,
Domingo Morl,17,827419,DSL,PHI,PHI (DSL),179,163,22,30,17,9,0,4,29,14,56,2,1,0.184,0.246,0.313,3B,
Samuel Salced,17,827422,DSL,PHI,PHI (DSL),155,129,15,18,14,3,0,1,14,19,28,3,3,0.14,0.268,0.186,2B,
Elian Adame,17,827424,DSL,PHI,PHI (DSL),188,170,20,45,35,7,3,0,22,14,52,7,4,0.265,0.324,0.341,OF,
Dayber Crucet,17,827426,DSL,PHI,PHI (DSL),169,134,25,39,31,6,1,1,17,30,32,12,5,0.291,0.438,0.373,OF,
Eduardo Guille,17,827427,DSL,PHI,PHI (DSL),165,139,17,33,19,7,5,2,13,18,51,15,4,0.237,0.358,0.403,OF,
Elian Pe\xc3\xb1,18,829033,"A,DSL",NYM,"NYM (A,DSL)",374,304,66,89,56,21,1,11,50,58,63,34,7,0.293,0.414,0.477,SS,
Josuar Gonzale,18,829034,"CPX,DSL",SFG,"SFG (CPX,DSL)",251,208,60,62,41,12,5,4,29,43,42,34,5,0.298,0.418,0.462,SS,
Kevin Alvare,18,829037,"A,DSL",HOU,"HOU (A,DSL)",310,266,47,73,47,16,5,5,44,29,44,14,8,0.274,0.369,0.429,OF,
Dorian Sot,18,829039,"CPX,DSL",BOS,"BOS (CPX,DSL)",217,193,32,59,44,11,2,2,20,20,35,4,4,0.306,0.366,0.415,SS,
Juan Cabad,18,829040,"CPX,DSL",CHC,"CHC (CPX,DSL)",197,158,27,46,32,10,1,3,34,25,35,20,3,0.291,0.431,0.424,2B/3B,
Mani Ceden,16,829041,DSL,NYY,NYY (DSL),213,164,41,30,19,5,3,3,19,43,76,21,2,0.183,0.371,0.305,SS,
Wilfri De La Cru,18,829043,"CPX,DSL",CHC,"CHC (CPX,DSL)",197,139,30,34,20,11,3,0,21,54,41,16,8,0.245,0.457,0.367,SS,
Maykel Core,17,829044,DSL,TBR,TBR (DSL),188,154,37,42,32,7,1,2,21,24,42,15,4,0.273,0.394,0.37,OF,
Yorger Bautist,18,829045,"CPX,DSL",SEA,"SEA (CPX,DSL)",259,224,46,51,28,12,3,8,31,24,75,12,0,0.228,0.326,0.415,OF,
Warel Solan,17,829046,DSL,TBR,TBR (DSL),207,182,29,58,43,13,1,1,37,19,34,3,4,0.319,0.391,0.418,3B,
Brayan Cortesi,18,829049,"CPX,DSL",WSN,"WSN (CPX,DSL)",164,132,27,40,36,3,1,0,12,27,29,23,13,0.303,0.427,0.341,SS,
Larry Suer,17,829050,DSL,COL,COL (DSL),208,163,28,34,20,9,1,4,17,28,48,9,4,0.209,0.369,0.35,3B,
Breyson Guede,18,829052,"A,DSL",OAK,"OAK (A,DSL)",362,332,56,105,78,21,3,3,63,25,68,5,1,0.316,0.362,0.425,OF,
Santiago Leo,17,829054,DSL,MIN,MIN (DSL),215,166,52,37,26,8,2,1,24,39,39,11,7,0.223,0.391,0.313,2B/SS,
Deivid Coroni,17,829060,DSL,SDP,SDP (DSL),174,140,23,26,23,2,1,0,12,21,47,8,0,0.186,0.327,0.214,3B/SS,
Haritzon Castill,18,829061,"CPX,DSL",MIN,"MIN (CPX,DSL)",188,155,34,41,28,8,3,2,31,27,31,15,4,0.265,0.383,0.394,2B/SS,
Jhoan De La Cru,18,829063,"CPX,DSL",SDP,"SDP (CPX,DSL)",227,162,41,38,28,5,3,2,23,50,60,12,5,0.235,0.451,0.34,2B/SS,
Heins Brit,17,829065,DSL,CLE,CLE (DSL),177,148,24,31,23,5,1,2,29,23,34,9,1,0.209,0.316,0.297,2B/SS,
Raymer Medin,17,829068,DSL,TBR,TBR (DSL),164,139,23,27,17,8,2,0,18,23,45,6,1,0.194,0.317,0.281,SS,
Elorky Rodrigue,18,829069,"CPX,DSL",TEX,"TEX (CPX,DSL)",252,195,47,63,44,11,2,6,51,47,42,9,8,0.323,0.47,0.492,2B/OF,
Juan Brim,17,829070,DSL,ARI,ARI (DSL),201,158,31,42,32,7,1,2,28,35,45,13,5,0.266,0.398,0.361,2B,
Hiverson L\xc3\xb3pe,17,829075,DSL,CLE,CLE (DSL),197,166,23,32,27,3,1,1,19,19,45,6,0,0.193,0.31,0.241,C,
Jhomnardo Reye,18,829076,"CPX,DSL",MIN,"MIN (CPX,DSL)",215,180,34,52,31,10,9,2,34,26,59,11,7,0.289,0.391,0.478,OF,
Kenly Hunte,18,829077,"CPX,DSL",STL,"STL (CPX,DSL)",204,164,46,48,38,7,3,0,17,31,24,28,3,0.293,0.429,0.372,OF,
Alejandro Cru,19,829078,"CPX,DSL",CHW,"CHW (CPX,DSL)",184,147,43,34,20,9,0,5,19,31,45,19,4,0.231,0.38,0.395,2B/3B,
Teilon Serran,18,829080,"CPX,DSL",MIN,"MIN (CPX,DSL)",216,178,49,41,26,7,3,5,24,30,62,21,5,0.23,0.356,0.388,OF,
Romeli Espinos,18,829089,"CPX,DSL",PHI,"PHI (CPX,DSL)",203,180,34,47,33,6,5,3,16,13,45,12,6,0.261,0.345,0.4,SS,
Harold Riva,18,829093,"CPX,DSL",BOS,"BOS (CPX,DSL)",226,185,49,48,32,9,5,2,23,38,45,21,8,0.259,0.389,0.395,OF,
David Ortiz Jr,17,829127,DSL,TEX,TEX (DSL),155,113,19,14,9,5,0,0,7,39,46,0,0,0.124,0.361,0.168,1B,
Juan Alv,20,829264,"CPX,DSL",MIA,"MIA (CPX,DSL)",210,167,34,54,40,12,1,1,43,30,31,21,4,0.323,0.443,0.425,1B,
Franklin Primer,19,829398,"CPX,DSL",BOS,"BOS (CPX,DSL)",202,158,37,54,42,11,0,1,29,32,18,3,1,0.342,0.475,0.43,C,
Antoni Uren,18,829482,DSL,LAD,LAD (DSL),169,135,27,32,26,4,1,1,20,28,19,8,2,0.237,0.369,0.304,2B/SS,
Hendry Arvel,18,829498,DSL,LAD,LAD (DSL),160,127,35,34,30,3,1,0,11,29,24,12,3,0.268,0.412,0.307,3B/OF,
Stiven Marine,17,829501,DSL,NYY,NYY (DSL),205,160,37,44,33,7,3,1,17,41,46,22,6,0.275,0.424,0.375,SS,
Marconi Germa,18,829699,"CPX,DSL",WSN,"WSN (CPX,DSL)",234,168,40,47,28,9,1,9,33,46,49,34,8,0.28,0.474,0.506,2B/SS,
Emmanuel Ceden,18,829703,"CPX,DSL",TBR,"TBR (CPX,DSL)",246,184,42,52,44,6,1,1,26,54,19,14,5,0.283,0.446,0.342,2B,
Fredderick Ovall,19,829704,"CPX,DSL",PIT,"PIT (CPX,DSL)",202,159,37,45,29,14,1,1,24,38,27,29,6,0.283,0.428,0.403,2B/3B,
Sandy Presbo,17,829715,DSL,MIA,MIA (DSL),222,179,43,49,36,6,5,2,32,32,48,28,12,0.274,0.396,0.397,OF,
Johan Machad,17,829721,DSL,MIA,MIA (DSL),237,194,48,53,39,10,4,0,19,36,36,25,9,0.273,0.397,0.366,3B/SS,
Giomar Ubier,17,829724,DSL,NYM,NYM (DSL),159,113,23,24,15,7,0,2,15,38,38,14,8,0.212,0.434,0.327,SS,
Luis Garci,17,829731,DSL,CLE,CLE (DSL),194,159,22,33,18,14,1,0,26,33,29,5,3,0.208,0.34,0.308,2B/SS,
Eybert Sanche,18,829734,"CPX,DSL",ARI,"ARI (CPX,DSL)",257,204,54,61,55,4,1,1,27,49,36,18,11,0.299,0.438,0.343,SS,
Jose Barrio,18,829737,"CPX,DSL",MIN,"MIN (CPX,DSL)",152,129,31,35,28,3,2,2,24,18,24,12,5,0.271,0.371,0.372,2B,
Anthony Abre,17,829740,DSL,MIA,MIA (DSL),176,139,35,28,15,4,3,6,23,30,67,6,3,0.201,0.364,0.403,3B/SS,
Sebastian Dos Santo,18,829741,"CPX,DSL",STL,"STL (CPX,DSL)",197,152,50,48,22,16,5,5,30,36,38,14,4,0.316,0.457,0.586,2B/SS,
Ronny Suare,17,829742,DSL,ARI,ARI (DSL),164,137,21,26,17,6,2,1,17,21,41,13,7,0.19,0.311,0.285,OF,
Daniel Hernande,18,829747,"CPX,DSL",WSN,"WSN (CPX,DSL)",157,147,19,32,25,7,0,0,11,8,17,3,2,0.218,0.268,0.265,C,
Hyun Seung Le,18,829748,"CPX,DSL",PIT,"PIT (CPX,DSL)",198,152,34,39,27,7,2,3,28,41,36,18,6,0.257,0.426,0.388,3B/SS,
Victor Santan,18,829750,"CPX,DSL",ARI,"ARI (CPX,DSL)",237,197,37,51,41,7,1,2,30,30,30,0,1,0.259,0.369,0.335,3B,
Sterling Bazi,17,829756,DSL,DET,DET (DSL),168,138,22,25,16,2,1,6,21,28,44,19,5,0.181,0.321,0.341,SS,
Elias Reyn,17,829758,DSL,ATL,ATL (DSL),184,129,19,23,13,9,0,1,21,38,46,13,5,0.178,0.397,0.271,OF,
Jose Ramire,17,829759,DSL,DET,DET (DSL),173,149,28,39,28,7,2,2,11,15,28,9,2,0.262,0.358,0.376,OF,
Luis Gala,16,829766,DSL,CLE,CLE (DSL),170,140,29,37,33,3,1,0,12,24,35,6,2,0.264,0.388,0.3,3B,
Malvin Fernande,17,829768,"CPX,DSL",ATL,"ATL (CPX,DSL)",166,132,18,22,18,4,0,0,12,28,35,5,2,0.167,0.319,0.197,2B/3B,
Yovanny Dura,18,829773,"CPX,DSL",MIN,"MIN (CPX,DSL)",219,172,46,52,40,7,4,1,24,40,38,36,7,0.302,0.447,0.407,OF,
Freilyn Rodrigue,17,829785,DSL,CLE,CLE (DSL),195,158,33,25,20,4,1,0,16,29,48,11,2,0.158,0.299,0.196,OF,
Eryks River,17,829790,DSL,MIL,MIL (DSL),160,121,20,22,16,3,1,2,14,33,49,2,1,0.182,0.375,0.273,OF,
Miguel Hern\xc3\xa1nde,18,829791,"CPX,DSL",STL,"STL (CPX,DSL)",197,162,32,42,30,5,2,5,39,26,45,17,4,0.259,0.376,0.407,SS,
Isais Chave,17,829793,DSL,MIL,MIL (DSL),153,125,24,29,17,6,0,6,22,19,38,9,1,0.232,0.359,0.424,C,
Juan Rujan,18,829794,"CPX,DSL",STL,"STL (CPX,DSL)",171,143,28,38,26,9,0,3,24,19,45,2,1,0.266,0.386,0.392,C,
Miguel Caraball,17,829813,"CPX,DSL",SFG,"SFG (CPX,DSL)",196,151,37,40,25,7,2,6,29,32,46,9,3,0.265,0.423,0.457,C,
Eliezer Alfonz,17,829821,DSL,BOS,BOS (DSL),172,138,35,28,26,1,1,0,20,31,43,25,2,0.203,0.349,0.225,2B/SS,
Juan Toma,18,829823,"CPX,DSL",CHC,"CHC (CPX,DSL)",176,137,26,27,15,8,2,2,25,35,51,10,4,0.197,0.354,0.328,SS,
Jefer List,17,829844,DSL,MIL,MIL (DSL),233,179,32,41,36,4,1,0,30,38,37,9,4,0.229,0.395,0.263,1B/OF,
Luis Aran,18,829854,"CPX,DSL",MIA,"MIA (CPX,DSL)",253,209,51,65,45,11,4,5,39,31,19,35,11,0.311,0.423,0.474,3B/SS,
Kadil Rubi,17,829855,DSL,TBR,TBR (DSL),155,125,21,23,21,2,0,0,13,13,26,6,1,0.184,0.327,0.2,OF,
Anthony Milla,17,829860,DSL,HOU,HOU (DSL),167,136,25,38,27,5,4,2,26,26,34,13,1,0.279,0.407,0.419,OF,
Juan Roja,18,829863,"CPX,DSL",HOU,"HOU (CPX,DSL)",214,157,36,48,38,7,1,2,31,48,39,13,6,0.306,0.477,0.401,2B/3B,
Diego Muno,17,829865,DSL,CIN,CIN (DSL),150,101,24,21,15,5,0,1,14,37,23,7,1,0.208,0.453,0.287,OF,
Geomaikel Martine,17,829867,DSL,BOS,BOS (DSL),153,134,18,34,25,7,2,0,17,14,28,7,2,0.254,0.34,0.336,OF,
Anderson Areinam,19,829868,"CPX,DSL",HOU,"HOU (CPX,DSL)",229,188,42,53,37,10,0,6,33,30,39,18,0,0.282,0.392,0.431,2B/SS,
Freiker Betencour,17,829870,"CPX,DSL",CHC,"CHC (CPX,DSL)",198,155,36,39,26,8,4,1,18,37,31,14,9,0.252,0.409,0.374,OF,
Jeury Ramire,18,829875,"CPX,DSL",CHC,"CHC (CPX,DSL)",154,120,22,24,12,5,4,3,29,28,34,7,1,0.2,0.364,0.383,1B/OF,
Sandor Felician,17,829884,DSL,CIN,CIN (DSL),153,133,24,37,25,10,2,0,14,11,29,13,3,0.278,0.373,0.383,2B,
Anthony Santa Cruz de Ovied,19,829888,"CPX,DSL",LAA,"LAA (CPX,DSL)",243,200,40,59,37,17,3,2,44,36,40,4,3,0.295,0.403,0.44,1B,
Isaac Garci,17,829890,DSL,CIN,CIN (DSL),159,138,21,38,25,10,2,1,24,13,13,5,0,0.275,0.365,0.399,OF,
Hector Ramo,18,829892,"CPX,DSL",BOS,"BOS (CPX,DSL)",177,143,34,36,21,9,2,4,28,27,36,3,1,0.252,0.379,0.427,SS,
Yojancel Cabrer,18,829894,"CPX,DSL",LAA,"LAA (CPX,DSL)",236,194,40,62,44,14,2,2,29,32,40,10,8,0.32,0.427,0.443,OF,
Jesus Pere,17,829895,DSL,MIA,MIA (DSL),174,143,33,35,30,1,0,4,20,23,28,14,4,0.245,0.362,0.336,OF,
Manuel Almeid,18,829903,"CPX,DSL",SEA,"SEA (CPX,DSL)",190,167,24,44,30,6,0,8,27,20,54,0,3,0.263,0.337,0.443,C,
Pablo Martine,17,829915,DSL,HOU,HOU (DSL),221,177,46,47,38,6,2,1,22,29,30,21,4,0.266,0.398,0.339,2B/SS,
Elias Pere,17,829920,DSL,SEA,SEA (DSL),196,163,30,40,34,4,1,1,20,30,39,5,3,0.245,0.372,0.301,OF,
Miguel Welc,17,829924,DSL,BOS,BOS (DSL),168,139,22,42,26,13,2,1,18,26,20,16,5,0.302,0.417,0.446,2B/OF,
Cristian Montill,17,829937,DSL,MIL,MIL (DSL),167,145,23,40,31,8,1,0,24,17,25,8,7,0.276,0.353,0.345,2B/3B/SS,
Jhorman Brav,18,829939,"CPX,DSL",BOS,"BOS (CPX,DSL)",158,138,23,34,27,3,2,2,17,18,10,13,4,0.246,0.329,0.341,2B/SS,
Sebastian Blanc,18,829949,"CPX,DSL",COL,"COL (CPX,DSL)",281,231,66,78,63,8,4,3,39,36,41,12,4,0.338,0.442,0.446,SS,
Saul Ramire,19,829952,DSL,CHC,CHC (DSL),161,128,20,26,16,7,0,3,16,27,32,5,2,0.203,0.354,0.328,1B/OF,
Oliver Guerrer,17,829960,DSL,TEX,TEX (DSL),195,159,37,39,29,1,2,7,32,30,43,4,0,0.245,0.379,0.409,1B/OF,
Wandi Feli,17,829961,DSL,COL,COL (DSL),195,163,28,35,24,4,2,5,27,28,52,9,4,0.215,0.333,0.356,OF,
Saivel Zaya,17,829969,DSL,TEX,TEX (DSL),210,182,29,43,31,9,1,2,35,19,49,14,5,0.236,0.324,0.33,OF,
Jhonger Ocho,17,829974,DSL,DET,DET (DSL),164,133,26,33,26,7,0,0,18,18,39,14,4,0.248,0.378,0.301,2B/SS,
Daniel Rodrigue,18,829975,"CPX,DSL",TEX,"TEX (CPX,DSL)",229,165,45,42,32,5,3,2,23,55,45,12,3,0.255,0.449,0.358,3B/SS,
Manuel Campo,18,829976,"CPX,DSL",ATL,"ATL (CPX,DSL)",252,202,48,54,44,6,2,2,26,31,35,18,6,0.267,0.394,0.347,2B/SS,
Israel Alvare,17,829980,DSL,CLE,CLE (DSL),184,154,24,34,28,5,1,0,19,20,29,2,0,0.221,0.337,0.266,2B/SS,
Jose Rier,17,829986,DSL,CLE,CLE (DSL),200,170,26,39,24,7,3,5,27,24,29,18,5,0.229,0.34,0.394,2B/SS,
Carlos Torre,18,829987,"CPX,DSL",TEX,"TEX (CPX,DSL)",190,168,24,47,36,9,2,0,24,15,21,0,0,0.28,0.342,0.357,C,
Rodny Rosari,18,829993,"CPX,DSL",CLE,"CLE (CPX,DSL)",190,150,37,45,33,4,6,2,25,36,38,7,2,0.3,0.442,0.447,3B/SS,
Gustavo Baptist,18,830000,"CPX,DSL",CLE,"CLE (CPX,DSL)",239,173,54,46,30,8,3,5,35,49,54,8,0,0.266,0.456,0.434,C/1B,
Rayner Herrer,17,830002,DSL,BAL,BAL (DSL),156,125,19,23,14,3,2,4,25,25,45,12,4,0.184,0.335,0.336,OF,
Lisandro Sanche,17,830009,DSL,BAL,BAL (DSL),191,167,29,53,36,10,6,1,26,22,54,10,7,0.317,0.395,0.467,OF,
Rosniell De Paul,16,830010,DSL,COL,COL (DSL),200,162,30,30,22,7,1,0,13,30,53,6,5,0.185,0.328,0.241,2B/SS,
Brainerh Palacio,17,830023,DSL,TBR,TBR (DSL),191,158,16,35,30,4,1,0,23,26,36,7,4,0.222,0.335,0.259,C,
Jhostin Gena,17,830025,DSL,TEX,TEX (DSL),154,131,28,36,30,3,1,2,19,17,25,15,2,0.275,0.366,0.359,OF,
Yordani Sot,17,830027,"CPX,DSL",CHW,"CHW (CPX,DSL)",180,146,24,37,28,7,1,1,27,30,40,22,8,0.253,0.394,0.336,SS,
Frank Miese,18,830040,"CPX,DSL",CHW,"CHW (CPX,DSL)",174,143,25,39,29,4,2,4,29,22,45,8,3,0.273,0.391,0.413,OF,
Santiago Alma,18,830046,"CPX,DSL",TEX,"TEX (CPX,DSL)",207,168,46,50,36,10,2,2,22,34,27,14,2,0.298,0.417,0.417,2B/SS,
Jord David Dia,17,830049,DSL,TEX,TEX (DSL),148,124,31,32,29,2,1,0,13,13,28,13,2,0.258,0.367,0.29,1B/3B/OF,
Jesus Orteg,17,830396,DSL,KCR,KCR (DSL),151,122,19,18,16,2,0,0,9,25,22,5,5,0.148,0.3,0.164,3B/SS,
Elaineiker Coronad,17,830398,DSL,TOR,TOR (DSL),248,188,40,65,59,5,1,0,21,57,27,5,4,0.346,0.504,0.383,2B,
Luis Felip,18,830401,DSL,TOR,TOR (DSL),178,155,18,32,25,6,1,0,19,20,42,3,0,0.206,0.292,0.258,OF,
Alan Angul,17,830406,DSL,KCR,KCR (DSL),168,146,24,35,28,3,4,0,32,16,13,5,2,0.24,0.325,0.315,2B,
Ruben Castill,17,830419,DSL,NYY,NYY (DSL),225,191,33,42,25,9,5,3,19,25,55,20,12,0.22,0.338,0.366,OF,
Leudy Arach,17,830423,DSL,COL,COL (DSL),181,154,28,35,25,5,4,1,14,22,46,6,1,0.227,0.33,0.331,OF,
Luis Morejo,17,830435,DSL,COL,COL (DSL),224,178,38,50,36,8,1,5,27,37,27,12,4,0.281,0.417,0.421,OF,
Luis Steven Kin,17,830443,DSL,KCR,KCR (DSL),158,122,27,35,22,12,0,1,18,24,25,13,6,0.287,0.436,0.41,3B/SS,
Daniel Domingue,17,830445,DSL,TOR,TOR (DSL),180,149,20,24,18,1,3,2,7,27,43,1,1,0.161,0.306,0.248,OF,
Leni Don,19,830454,"CPX,DSL",NYY,"NYY (CPX,DSL)",211,171,48,52,35,9,2,6,39,24,40,20,4,0.304,0.429,0.485,3B,
Johan Rodrigue,18,830455,"CPX,DSL",ATL,"ATL (CPX,DSL)",175,152,19,37,30,6,0,1,23,18,22,4,0,0.243,0.326,0.303,1B,
Alejandro Guerrer,17,830462,DSL,KCR,KCR (DSL),162,129,22,24,18,4,1,1,11,24,52,10,2,0.186,0.342,0.256,OF,
Carlos Bell,17,830470,DSL,NYY,NYY (DSL),198,161,34,35,22,8,1,4,31,28,49,14,3,0.217,0.359,0.354,2B,
Juan Macer,17,830471,DSL,LAD,LAD (DSL),202,165,33,46,37,8,0,1,21,25,21,10,4,0.279,0.385,0.345,2B/3B,
Lewis Germa,18,830482,"CPX,DSL",KCR,"KCR (CPX,DSL)",206,181,32,36,20,11,1,4,22,19,63,19,1,0.199,0.293,0.337,OF,
Jayln Pinde,17,830486,DSL,TEX,TEX (DSL),181,137,35,33,25,6,1,1,11,31,45,16,7,0.241,0.413,0.321,2B,
Sebastian Pen,17,830808,DSL,SDP,SDP (DSL),163,148,24,32,22,8,2,0,10,15,33,4,5,0.216,0.288,0.297,OF,
Carlos Mot,17,831574,DSL,COL,COL (DSL),218,184,27,48,35,10,1,2,28,17,53,5,4,0.261,0.358,0.359,OF,
Arlenn Manzanill,18,831850,"CPX,DSL",ATL,"ATL (CPX,DSL)",157,127,16,20,13,6,0,1,16,27,33,2,1,0.157,0.312,0.228,C,
Darwin Nu\xc3\xb1e,17,831875,DSL,TOR,TOR (DSL),201,153,18,30,25,5,0,0,15,45,31,8,2,0.196,0.38,0.229,1B,
Fraimy Sant,17,831876,DSL,TEX,TEX (DSL),200,169,28,42,30,9,1,2,25,25,51,3,2,0.249,0.355,0.349,3B,
Marco Argudi,20,831918,"CPX,DSL",TEX,"TEX (CPX,DSL)",177,144,37,58,40,11,5,2,31,24,15,16,6,0.403,0.494,0.59,OF,
Nauris De La Cru,18,832703,"CPX,DSL",WSN,"WSN (CPX,DSL)",160,125,19,34,21,9,1,3,21,31,25,15,6,0.272,0.419,0.432,OF,
Abraham Bastida,18,832705,DSL,SDP,SDP (DSL),163,123,25,38,27,11,0,0,22,25,25,5,3,0.309,0.46,0.398,1B/2B/3B,
Sami Manzuet,16,832795,DSL,HOU,HOU (DSL),195,143,33,32,18,9,0,5,24,42,36,7,5,0.224,0.405,0.392,2B/3B,
Starlin Miese,18,833069,"CPX,DSL",BAL,"BAL (CPX,DSL)",185,136,28,35,24,6,3,2,18,40,45,13,5,0.257,0.442,0.39,OF,
Yeider Mindiol,19,833207,"CPX,DSL",NYM,"NYM (CPX,DSL)",167,131,18,32,21,4,3,4,27,29,31,11,4,0.244,0.383,0.412,C,
Angel Abre,17,834685,"CPX,DSL",CLE,"CLE (CPX,DSL)",240,195,55,58,50,5,2,1,25,41,27,19,1,0.297,0.423,0.359,OF,
Darwin Almanza,18,829714,"CPX,DSL",MIN,"MIN (CPX,DSL)",191,164,35,42,18,17,1,6,45,22,30,7,2,0.256,0.351,0.482,3B,
Juan Elejandr,18,829744,"CPX,DSL",ATL,"ATL (CPX,DSL)",163,134,15,33,26,6,1,0,23,18,31,5,1,0.246,0.35,0.306,2B,
Steven Herrer,17,829749,DSL,MIA,MIA (DSL),180,142,40,38,21,11,0,6,26,32,54,17,5,0.268,0.411,0.472,2B,
Yorber Sempru,17,829774,DSL,NYM,NYM (DSL),158,137,28,42,32,7,2,1,20,17,23,15,1,0.307,0.386,0.409,2B/3B/SS,
Yeferson Portolati,17,829788,DSL,STL,STL (DSL),174,115,43,26,14,9,1,2,21,51,31,23,4,0.226,0.483,0.374,2B,
Jefferson Varga,17,829963,DSL,CLE,CLE (DSL),161,128,27,27,22,4,1,0,11,29,36,5,1,0.211,0.362,0.258,2B/3B/SS,
Rosnel Alarco,17,829964,DSL,TEX,TEX (DSL),195,156,29,45,33,11,0,1,25,22,26,11,4,0.288,0.431,0.378,OF,
Daniel Mez,17,829995,DSL,COL,COL (DSL),170,131,36,30,28,2,0,0,17,35,44,7,2,0.229,0.4,0.244,2B,
Ricardo Romer,18,829997,"CPX,DSL",CLE,"CLE (CPX,DSL)",238,195,47,66,43,14,7,2,43,33,29,6,1,0.338,0.437,0.513,2B/3B,
Emil Martine,17,830422,DSL,TEX,TEX (DSL),189,164,22,34,28,4,0,2,13,20,40,5,6,0.207,0.302,0.268,2B/SS,
Roy River,17,830450,DSL,KCR,KCR (DSL),168,138,27,34,26,6,2,0,18,27,15,8,8,0.246,0.365,0.319,2B/SS,
Jhon GI,17,830459,DSL,LAD,LAD (DSL),150,122,28,38,29,7,1,1,27,24,20,14,0,0.311,0.433,0.41,C/2B,
Diego Contrera,18,832559,"CPX,DSL",SEA,"SEA (CPX,DSL)",164,132,26,42,33,7,2,0,17,27,21,9,4,0.318,0.444,0.402,2B/OF,
Alex Rodrigue,17,835182,DSL,TEX,TEX (DSL),213,180,20,56,45,10,0,1,30,25,27,1,1,0.311,0.401,0.383,OF,
Steven Cru,19,821161,"CPX,DSL",CLE,"CLE (CPX,DSL)",177,133,27,33,26,6,0,1,20,39,29,13,3,0.248,0.418,0.316,OF,
Liordanys Menende,17,824877,DSL,LAA,LAA (DSL),153,126,24,32,23,6,3,0,11,21,19,11,1,0.254,0.382,0.349,2B,
Yunior Ampar,19,825159,"CPX,DSL",NYM,"NYM (CPX,DSL)",184,150,38,46,30,11,1,4,18,27,26,17,5,0.307,0.421,0.473,1B/OF,
Eliomar Garce,17,829055,DSL,TBR,TBR (DSL),181,144,26,37,28,5,2,2,25,29,22,10,5,0.257,0.385,0.361,2B/SS,
Gabriel Davalill,18,829058,"A,DSL",LAA,"LAA (A,DSL)",289,236,38,64,44,10,1,9,45,40,56,3,0,0.271,0.381,0.436,C/3B,
John Taylo,25,822966,"A+,AA",TEX,"TEX (A+,AA)",355,305,48,82,59,16,1,6,38,40,75,9,4,0.269,0.369,0.387,2B/SS,
CJ Hughe,18,834620,CPX,MIL,MIL (CPX),28,21,6,6,4,0,1,1,5,7,10,3,2,0.286,0.464,0.524,2B/SS,
JoJo Parke,19,828098,A,TOR,TOR (A),137,110,18,25,13,9,0,3,15,23,37,11,3,0.227,0.372,0.391,3B/SS,
Steele Hal,18,829162,CPX,CIN,CIN (CPX),32,22,9,4,1,1,1,1,6,10,7,5,1,0.182,0.438,0.455,SS,
Billy Carlso,19,815814,A,CHW,CHW (A),144,116,15,26,20,5,1,0,7,23,34,4,1,0.224,0.371,0.284,SS,
Daniel Pierc,19,828084,A,TBR,TBR (A),95,85,12,21,13,4,0,4,23,6,27,5,3,0.247,0.316,0.435,SS,
Xavier Neyen,19,815832,A,HOU,HOU (A),121,93,21,25,16,3,0,6,19,27,42,8,4,0.269,0.438,0.495,3B/SS,
Sean Gambl,19,815819,A,KCR,KCR (A),139,124,14,14,10,3,0,1,6,11,43,4,1,0.113,0.209,0.161,OF,
Josh Hammon,19,815843,A,KCR,KCR (A),140,121,22,35,18,13,2,2,17,18,30,8,0,0.289,0.379,0.479,3B/SS,
Jaden Fausk,19,828262,A,CHW,CHW (A),132,105,21,26,17,4,4,1,8,25,39,8,1,0.248,0.402,0.39,OF,
Cooper Flemmin,19,828237,A,TBR,TBR (A),137,115,21,39,26,8,2,3,25,17,23,5,3,0.339,0.438,0.522,3B/SS,
Ryan Mitchel,19,815829,A,STL,STL (A),135,109,25,21,14,3,0,4,11,25,49,9,3,0.193,0.348,0.33,OF,
Dean Mos,20,815830,A,TBR,TBR (A),119,98,18,24,16,5,0,3,15,15,16,5,1,0.245,0.347,0.388,2B/OF,
Taitn Gra,18,828685,A,TBR,TBR (A),134,108,20,33,24,1,3,5,23,21,25,3,0,0.306,0.418,0.509,1B,
Gustavo Melende,18,828116,CPX,PIT,PIT (CPX),22,13,5,2,0,2,0,0,2,8,3,3,0,0.154,0.5,0.308,2B,
Coy Jame,19,815983,A,WSN,WSN (A),146,117,25,21,13,4,0,4,25,27,38,14,1,0.179,0.342,0.316,2B/3B,
Tim Piasenti,19,815992,CPX,TOR,TOR (CPX),35,25,7,5,4,1,0,0,4,10,10,0,0,0.2,0.429,0.24,3B,
Jaiden Lo R,19,828318,CPX,BAL,BAL (CPX),26,24,3,10,9,0,0,1,6,2,2,3,0,0.417,0.462,0.542,2B/3B,
Jack Wheele,19,828087,CPX,TEX,TEX (CPX),22,21,4,6,3,2,0,1,2,1,7,0,0,0.286,0.318,0.524,3B,
Josiah Hartshor,19,815824,A,CHC,CHC (A),143,107,22,29,20,4,1,4,17,32,21,4,1,0.271,0.448,0.439,1B/OF,
Jase Mitchel,19,834234,CPX,HOU,HOU (CPX),19,9,2,0,0,0,0,0,2,8,6,1,2,0.0,0.526,0.0,C,
Anthony Frobos,18,834597,CPX,NYM,NYM (CPX),31,24,8,6,5,0,0,1,4,4,8,3,1,0.25,0.387,0.375,2B/SS,
Wyatt Vincen,19,831488,CPX,NYM,NYM (CPX),24,15,6,6,4,2,0,0,1,8,4,3,2,0.4,0.625,0.533,OF,
Blaine Bullar,19,828557,A,TOR,TOR (A),130,111,20,26,16,4,2,4,15,12,43,16,1,0.234,0.326,0.414,OF,
Rylan Mill,20,836079,CPX,MIL,MIL (CPX),24,20,4,7,3,1,1,2,7,4,3,0,0,0.35,0.458,0.8,C,
Landon Arroyo,19,825968,CPX,HOU,HOU (CPX),20,15,3,4,4,0,0,0,2,5,6,3,0,0.267,0.45,0.267,2B/SS,
Jay McQuee,19,827084,CPX,TEX,TEX (CPX),25,18,6,8,6,1,1,0,4,6,5,1,1,0.444,0.6,0.611,OF,
Cam Le,20,834852,CPX,BAL,BAL (CPX),24,20,4,5,5,0,0,0,0,4,1,4,0,0.25,0.375,0.25,OF,
Rod Barajas Jr,21,805371,A,SFG,SFG (A),120,110,18,32,19,9,0,4,19,7,23,1,0,0.291,0.342,0.482,C,
Tyson Mora,20,828903,CPX,KCR,KCR (CPX),36,30,6,7,2,2,0,3,17,1,4,0,0,0.233,0.278,0.6,1B/2B,
Andrews Opat,22,836168,A,BOS,BOS (A),111,90,20,24,15,5,2,2,14,19,33,17,3,0.267,0.396,0.433,OF,
Kendrey Madur,22,701342,A,LAA,LAA (A),149,131,26,34,23,7,0,4,17,14,33,5,1,0.26,0.349,0.405,SS,
Jonny McGil,24,692169,A,LAA,LAA (A),141,111,22,27,20,5,0,2,11,26,27,12,2,0.243,0.404,0.342,OF,
Ty Hodg,23,695606,A,BOS,BOS (A),111,92,12,15,12,1,0,2,10,15,26,1,3,0.163,0.297,0.239,3B,
Hayden Jatcza,24,833426,A,SFG,SFG (A),150,120,30,33,20,9,1,3,21,26,30,2,2,0.275,0.407,0.442,1B,
Conner Westenbur,22,836173,A,SDP,SDP (A),109,95,21,32,22,5,4,1,17,6,29,14,2,0.337,0.406,0.505,OF,
JT Benso,24,694842,A,NYM,NYM (A),115,101,17,29,11,9,5,4,20,8,32,7,3,0.287,0.365,0.594,OF,
Ryland Zaborowsk,24,695301,CPX,LAA,LAA (CPX),28,22,3,8,6,2,0,0,6,5,5,0,1,0.364,0.5,0.455,1B,
Sam Whit,22,802517,CPX,TOR,TOR (CPX),28,19,7,5,5,0,0,0,2,7,5,0,0,0.263,0.464,0.263,1B,
Corey Cousi,19,827474,CPX,KCR,KCR (CPX),31,23,10,7,4,1,2,0,2,7,8,3,0,0.304,0.452,0.522,OF,
Luis Hern\xc3\xa1nde,17,836582,CPX,SFG,SFG (CPX),38,32,8,13,5,4,0,4,18,4,6,0,0,0.406,0.474,0.906,3B/SS,
Rudy Martin Jr,30,657675,"AA,AAA",KCR,"KCR (AA,AAA)",437,367,65,98,69,17,3,9,50,55,96,57,9,0.267,0.368,0.403,OF,
Leandro Cede\xc3\xb1,27,660681,AA,SDP,SDP (AA),100,83,13,26,16,5,1,4,13,13,23,1,0,0.313,0.42,0.542,1B/OF,
Mois\xc3\xa9s G\xc3\xb3me,26,664332,"AA,AAA",SDP,"SDP (AA,AAA)",448,398,40,91,55,27,2,7,46,38,131,9,1,0.229,0.301,0.359,OF,
James Nelso,28,663445,"AA,AAA",HOU,"HOU (AA,AAA)",142,133,20,41,27,8,0,6,14,7,31,7,2,0.308,0.352,0.504,3B,
Bryan Torre,28,663494,AAA,STL,STL (AAA),559,447,79,147,108,26,2,11,66,94,79,34,8,0.329,0.442,0.47,2B/OF,
Jes\xc3\xbas Bastida,27,665846,AAA,ATL,ATL (AAA),693,606,93,157,92,44,2,19,102,58,170,19,2,0.259,0.34,0.432,2B/SS,
Ismael Mungui,27,665998,"AA,AAA",NYY,"NYY (AA,AAA)",430,377,65,103,78,18,2,5,42,34,35,25,11,0.273,0.34,0.371,OF,
Yonathan Perlaz,26,666632,AAA,SDP,SDP (AAA),624,541,106,166,96,49,2,19,113,74,125,15,7,0.307,0.391,0.51,OF,
